"Date","Price","Open","High","Low","Vol.","Change %"
"07/08/2026","429,454","429,454","429,454","429,454","","0.37%"
"07/07/2026","427,851","427,851","427,851","427,851","","0.29%"
"07/06/2026","426,604","426,604","426,604","426,604","","0.83%"
"07/03/2026","423,100","423,100","423,100","423,100","","1.25%"
"07/02/2026","417,897","417,897","417,897","417,897","","-0.35%"
"07/01/2026","419,380","419,380","419,380","419,380","","-0.02%"
"06/30/2026","419,444","419,444","419,444","419,444","","0.59%"
"06/29/2026","416,983","416,983","416,983","416,983","38.56M","-0.34%"
"06/26/2026","418,413","418,413","418,413","418,413","21.23M","0.47%"
"06/25/2026","416,447","416,447","416,447","416,447","23.14M","-0.06%"
"06/24/2026","416,711","416,711","416,711","416,711","24.19M","-0.49%"
"06/23/2026","418,776","418,776","418,776","418,776","9.25M","0.62%"
"06/22/2026","416,205","416,205","416,205","416,205","7.13M","-0.68%"
"06/19/2026","419,074","419,074","419,074","419,074","8.11M","2.60%"
"06/18/2026","408,441","408,441","408,441","408,441","30.04M","-0.25%"
"06/17/2026","409,450","409,450","409,450","409,450","11.60M","0.63%"
"06/16/2026","406,881","406,881","406,881","406,881","6.79M","1.22%"
"06/15/2026","401,958","401,958","401,958","401,958","12.50M","-0.41%"
"06/12/2026","403,624","403,624","403,624","403,624","14.78M","0.72%"
"06/11/2026","400,725","400,725","400,725","400,725","9.22M","-0.29%"
"06/10/2026","401,902","401,902","401,902","401,902","14.61M","0.33%"
"06/09/2026","400,586","400,586","400,586","400,586","13.90M","0.23%"
"06/08/2026","399,650","399,650","399,650","399,650","10.70M","0.90%"
"06/05/2026","396,088","396,088","396,088","396,088","15.04M","-0.55%"
"06/04/2026","398,274","398,274","398,274","398,274","11.74M","0.22%"
"06/03/2026","397,419","397,419","397,419","397,419","9.65M","-0.58%"
"06/02/2026","399,737","399,737","399,737","399,737","10.22M","0.02%"
"06/01/2026","399,640","399,640","399,640","399,640","17.94M","-0.93%"
"05/29/2026","403,382","403,382","403,382","403,382","86.12M","0.34%"
"05/28/2026","401,996","401,996","401,996","401,996","37.61M","0.36%"
"05/27/2026","400,570","400,570","400,570","400,570","13.90M","-1.17%"
"05/26/2026","405,323","405,323","405,323","405,323","49.45M","-0.54%"
"05/22/2026","407,540","407,540","407,540","407,540","18.63M","0.38%"
"05/21/2026","405,999","405,999","405,999","405,999","10.95M","-1.33%"
"05/20/2026","411,473","411,473","411,473","411,473","16.24M","0.15%"
"05/19/2026","410,848","410,848","410,848","410,848","12.59M","0.26%"
"05/18/2026","409,765","409,765","409,765","409,765","10.31M","-0.35%"
"05/15/2026","411,210","411,210","411,210","411,210","11.07M","0.05%"
"05/14/2026","411,014","411,014","411,014","411,014","13.37M","0.23%"
"05/13/2026","410,076","410,076","410,076","410,076","18.41M","-0.03%"
"05/12/2026","410,215","410,215","410,215","410,215","7.41M","0.04%"
"05/11/2026","410,033","410,033","410,033","410,033","14.60M","0.15%"
"05/08/2026","409,414","409,414","409,414","409,414","5.43M","0.24%"
"05/07/2026","408,442","408,442","408,442","408,442","10.74M","-0.71%"
"05/06/2026","411,348","411,348","411,348","411,348","10.87M","-0.32%"
"05/05/2026","412,649","412,649","412,649","412,649","5.91M","0.33%"
"05/04/2026","411,284","411,284","411,284","411,284","5.68M","-0.20%"
"05/01/2026","412,088","412,088","412,088","412,088","30.50M","0.41%"
"04/30/2026","410,409","410,409","410,409","410,409","78.94M","0.93%"
"04/29/2026","406,621","406,621","406,621","406,621","14.45M","0.56%"
"04/28/2026","404,375","404,375","404,375","404,375","9.22M","0.46%"
"04/27/2026","402,540","402,540","402,540","402,540","12.91M","0.91%"
"04/24/2026","398,905","398,905","398,905","398,905","11.54M","-0.58%"
"04/22/2026","401,238","401,238","401,238","401,238","","0.60%"
"04/21/2026","398,864","398,864","398,864","398,864","","-0.44%"
"04/20/2026","400,634","400,634","400,634","400,634","","0.95%"
"04/17/2026","396,849","396,849","396,849","396,849","","0.76%"
"04/16/2026","393,843","393,843","393,843","393,843","","-0.14%"
"04/15/2026","394,397","394,397","394,397","394,397","","-0.76%"
"04/14/2026","397,409","397,409","397,409","397,409","","0.71%"
"04/13/2026","394,589","394,589","394,589","394,589","","0.01%"
"04/10/2026","394,557","394,557","394,557","394,557","","-1.20%"
"04/09/2026","399,351","399,351","399,351","399,351","","-0.43%"
"04/08/2026","401,082","401,082","401,082","401,082","","-0.04%"
"04/07/2026","401,262","401,262","401,262","401,262","","-1.07%"
"04/02/2026","405,589","405,589","405,589","405,589","","-0.53%"
"04/01/2026","407,766","407,766","407,766","407,766","","-0.26%"
"03/31/2026","408,845","408,845","408,845","408,845","","0.10%"
"03/30/2026","408,421","408,421","408,421","408,421","","0.26%"
"03/27/2026","407,346","407,346","407,346","407,346","","1.51%"
"03/26/2026","401,279","401,279","401,279","401,279","","-0.20%"
"03/25/2026","402,080","402,080","402,080","402,080","","0.70%"
"03/24/2026","399,288","399,288","399,288","399,288","","-0.10%"
"03/23/2026","399,675","399,675","399,675","399,675","","0.02%"
"03/20/2026","399,596","399,596","399,596","399,596","","-0.36%"
"03/19/2026","401,023","401,023","401,023","401,023","","-0.20%"
"03/18/2026","401,830","401,830","401,830","401,830","","-0.25%"
"03/17/2026","402,828","402,828","402,828","402,828","","-0.65%"
"03/16/2026","405,451","405,451","405,451","405,451","","0.16%"
"03/13/2026","404,805","404,805","404,805","404,805","","0.50%"
"03/12/2026","402,778","402,778","402,778","402,778","","0.62%"
"03/11/2026","400,277","400,277","400,277","400,277","","-0.88%"
"03/10/2026","403,846","403,846","403,846","403,846","","0.17%"
"03/09/2026","403,156","403,156","403,156","403,156","","0.18%"
"03/06/2026","402,440","402,440","402,440","402,440","","-0.60%"
"03/05/2026","404,862","404,862","404,862","404,862","","0.14%"
"03/04/2026","404,277","404,277","404,277","404,277","","0.63%"
"03/03/2026","401,742","401,742","401,742","401,742","","0.34%"
"03/02/2026","400,383","400,383","400,383","400,383","","-0.99%"
"02/27/2026","404,405","404,405","404,405","404,405","","0.66%"
"02/26/2026","401,734","401,734","401,734","401,734","","0.53%"
"02/25/2026","399,616","399,616","399,616","399,616","","0.52%"
"02/24/2026","397,533","397,533","397,533","397,533","","-0.19%"
"02/23/2026","398,289","398,289","398,289","398,289","","-0.34%"
"02/20/2026","399,651","399,651","399,651","399,651","","0.37%"
"02/19/2026","398,158","398,158","398,158","398,158","","-0.38%"
"02/17/2026","399,679","399,679","399,679","399,679","","0.21%"
"02/16/2026","398,831","398,831","398,831","398,831","","0.47%"
"02/13/2026","396,979","396,979","396,979","396,979","","-0.64%"
"02/12/2026","399,519","399,519","399,519","399,519","","-0.30%"
"02/11/2026","400,729","400,729","400,729","400,729","","-0.37%"
"02/10/2026","402,201","402,201","402,201","402,201","","1.29%"
"02/09/2026","397,096","397,096","397,096","397,096","","0.04%"
"02/06/2026","396,928","396,928","396,928","396,928","","0.77%"
"02/05/2026","393,890","393,890","393,890","393,890","","-0.96%"
"02/04/2026","397,711","397,711","397,711","397,711","","-1.72%"
"02/03/2026","404,662","404,662","404,662","404,662","","0.77%"
"02/02/2026","401,580","401,580","401,580","401,580","","-0.46%"
"01/30/2026","403,423","403,423","403,423","403,423","","0.21%"
"01/29/2026","402,576","402,576","402,576","402,576","","-0.70%"
"01/28/2026","405,432","405,432","405,432","405,432","","1.32%"
"01/27/2026","400,166","400,166","400,166","400,166","","1.15%"
"01/26/2026","395,624","395,624","395,624","395,624","","1.33%"
"01/23/2026","390,429","390,429","390,429","390,429","","1.57%"
"01/22/2026","384,386","384,386","384,386","384,386","","0.48%"
"01/21/2026","382,567","382,567","382,567","382,567","","0.07%"
"01/20/2026","382,287","382,287","382,287","382,287","","-0.16%"
"01/19/2026","382,891","382,891","382,891","382,891","","0.25%"
"01/16/2026","381,926","381,926","381,926","381,926","","-0.90%"
"01/15/2026","385,387","385,387","385,387","385,387","","-1.75%"
"01/14/2026","392,257","392,257","392,257","392,257","","-1.12%"
"01/13/2026","396,697","396,697","396,697","396,697","","2.96%"
"01/12/2026","385,304","385,304","385,304","385,304","","1.78%"
"01/09/2026","378,571","378,571","378,571","378,571","","0.50%"
"01/08/2026","376,704","376,704","376,704","376,704","","1.15%"
"01/07/2026","372,437","372,437","372,437","372,437","","0.97%"
"01/06/2026","368,855","368,855","368,855","368,855","","1.47%"
"01/05/2026","363,506","363,506","363,506","363,506","","-1.01%"
"01/02/2026","367,200","367,200","367,200","367,200","","0.52%"
"12/31/2025","365,314","365,314","365,314","365,314","","0.77%"
"12/30/2025","362,531","362,531","362,531","362,531","","-0.21%"
"12/29/2025","363,311","363,311","363,311","363,311","","0.15%"
"12/24/2025","362,759","362,759","362,759","362,759","","0.64%"
"12/23/2025","360,442","360,442","360,442","360,442","","1.19%"
"12/22/2025","356,210","356,210","356,210","356,210","","-1.22%"
"12/19/2025","360,613","360,613","360,613","360,613","","-0.28%"
"12/18/2025","361,622","361,622","361,622","361,622","","-0.53%"
"12/17/2025","363,566","363,566","363,566","363,566","","0.43%"
"12/16/2025","362,003","362,003","362,003","362,003","","0.32%"
"12/15/2025","360,865","360,865","360,865","360,865","","0.12%"
"12/12/2025","360,441","360,441","360,441","360,441","","1.17%"
"12/11/2025","356,291","356,291","356,291","356,291","","-0.35%"
"12/10/2025","357,552","357,552","357,552","357,552","","0.06%"
"12/09/2025","357,330","357,330","357,330","357,330","","0.80%"
"12/08/2025","354,496","354,496","354,496","354,496","","-1.13%"
"12/05/2025","358,550","358,550","358,550","358,550","","-0.54%"
"12/04/2025","360,499","360,499","360,499","360,499","","0.67%"
"12/03/2025","358,083","358,083","358,083","358,083","","0.00%"
"12/02/2025","358,079","358,079","358,079","358,079","","-1.03%"
"12/01/2025","361,820","361,820","361,820","361,820","","-0.57%"
"11/28/2025","363,894","363,894","363,894","363,894","","0.99%"
"11/27/2025","360,345","360,345","360,345","360,345","","0.57%"
"11/26/2025","358,294","358,294","358,294","358,294","","-0.40%"
"11/25/2025","359,722","359,722","359,722","359,722","","0.63%"
"11/24/2025","357,471","357,471","357,471","357,471","","0.46%"
"11/21/2025","355,824","355,824","355,824","355,824","","-0.72%"
"11/20/2025","358,406","358,406","358,406","358,406","","0.19%"
"11/19/2025","357,733","357,733","357,733","357,733","","1.14%"
"11/18/2025","353,686","353,686","353,686","353,686","","-1.00%"
"11/17/2025","357,242","357,242","357,242","357,242","","0.53%"
"11/14/2025","355,352","355,352","355,352","355,352","","0.35%"
"11/13/2025","354,099","354,099","354,099","354,099","","-0.53%"
"11/12/2025","356,002","356,002","356,002","356,002","","-0.45%"
"11/11/2025","357,604","357,604","357,604","357,604","","0.16%"
"11/10/2025","357,036","357,036","357,036","357,036","","-0.40%"
"11/07/2025","358,486","358,486","358,486","358,486","","-0.70%"
"11/06/2025","361,026","361,026","361,026","361,026","","-0.91%"
"11/05/2025","364,343","364,343","364,343","364,343","","-0.27%"
"11/04/2025","365,345","365,345","365,345","365,345","","-0.32%"
"11/03/2025","366,506","366,506","366,506","366,506","","-0.53%"
"10/31/2025","368,448","368,448","368,448","368,448","","0.18%"
"10/30/2025","367,771","367,771","367,771","367,771","","0.03%"
"10/24/2025","367,665","367,665","367,665","367,665","","1.18%"
"10/23/2025","363,373","363,373","363,373","363,373","","0.43%"
"10/22/2025","361,822","361,822","361,822","361,822","","-1.16%"
"10/21/2025","366,061","366,061","366,061","366,061","","0.00%"
"10/17/2025","366,044","366,044","366,044","366,044","","0.14%"
"10/16/2025","365,547","365,547","365,547","365,547","","-0.48%"
"10/15/2025","367,298","367,298","367,298","367,298","","-0.26%"
"10/14/2025","368,263","368,263","368,263","368,263","","0.24%"
"10/13/2025","367,397","367,397","367,397","367,397","","0.22%"
"10/10/2025","366,588","366,588","366,588","366,588","","-0.24%"
"10/09/2025","367,466","367,466","367,466","367,466","","-0.58%"
"10/08/2025","369,619","369,619","369,619","369,619","","0.48%"
"10/07/2025","367,849","367,849","367,849","367,849","","-0.45%"
"10/06/2025","369,513","369,513","369,513","369,513","","0.19%"
"10/03/2025","368,799","368,799","368,799","368,799","","-0.09%"
"10/02/2025","369,134","369,134","369,134","369,134","","-0.23%"
"10/01/2025","369,974","369,974","369,974","369,974","","-0.59%"
"09/30/2025","372,171","372,171","372,171","372,171","","1.41%"
"09/29/2025","367,001","367,001","367,001","367,001","","-0.09%"
"09/26/2025","367,322","367,322","367,322","367,322","","0.84%"
"09/25/2025","364,254","364,254","364,254","364,254","","-0.45%"
"09/24/2025","365,919","365,919","365,919","365,919","","-0.21%"
"09/23/2025","366,685","366,685","366,685","366,685","","-0.27%"
"09/22/2025","367,686","367,686","367,686","367,686","","0.23%"
"09/19/2025","366,839","366,839","366,839","366,839","","-0.05%"
"09/18/2025","367,032","367,032","367,032","367,032","","-0.57%"
"09/17/2025","369,141","369,141","369,141","369,141","","0.40%"
"09/16/2025","367,671","367,671","367,671","367,671","","-0.18%"
"09/15/2025","368,332","368,332","368,332","368,332","","0.20%"
"09/12/2025","367,588","367,588","367,588","367,588","","0.45%"
"09/11/2025","365,925","365,925","365,925","365,925","","-0.04%"
"09/10/2025","366,086","366,086","366,086","366,086","","0.29%"
"09/09/2025","365,040","365,040","365,040","365,040","","0.14%"
"09/08/2025","364,546","364,546","364,546","364,546","","-0.72%"
"09/05/2025","367,176","367,176","367,176","367,176","","0.68%"
"09/04/2025","364,712","364,712","364,712","364,712","","-0.11%"
"09/03/2025","365,123","365,123","365,123","365,123","","-0.33%"
"09/02/2025","366,316","366,316","366,316","366,316","11.39M","-0.28%"
"09/01/2025","367,335","367,335","367,335","367,335","7.36M","-0.54%"
"08/29/2025","369,319","369,319","369,319","369,319","22.66M","1.63%"
"08/28/2025","363,392","363,392","363,392","363,392","20.42M","0.20%"
"08/27/2025","362,682","362,682","362,682","362,682","15.72M","0.18%"
"08/26/2025","362,036","362,036","362,036","362,036","15.52M","-0.06%"
"08/25/2025","362,253","362,253","362,253","362,253","16.44M","-0.11%"
"08/22/2025","362,663","362,663","362,663","362,663","17.84M","0.70%"
"08/21/2025","360,125","360,125","360,125","360,125","12.13M","-0.51%"
"08/20/2025","361,966","361,966","361,966","361,966","27.81M","0.23%"
"08/19/2025","361,130","361,130","361,130","361,130","12.49M","0.24%"
"08/18/2025","360,257","360,257","360,257","360,257","13.30M","-0.64%"
"08/15/2025","362,569","362,569","362,569","362,569","5.53M","0.54%"
"08/14/2025","360,634","360,634","360,634","360,634","9.20M","-0.02%"
"08/13/2025","360,711","360,711","360,711","360,711","22.45M","0.63%"
"08/12/2025","358,438","358,438","358,438","358,438","5.42M","0.66%"
"08/11/2025","356,077","356,077","356,077","356,077","47.16M","0.51%"
"08/08/2025","354,262","354,262","354,262","354,262","13.68M","0.36%"
"08/07/2025","352,994","352,994","352,994","352,994","7.52M","-0.50%"
"08/05/2025","354,759","354,759","354,759","354,759","13.63M","0.35%"
"08/04/2025","353,528","353,528","353,528","353,528","14.52M","-0.57%"
"07/31/2025","355,541","355,541","355,541","355,541","54.90M","0.68%"
"07/30/2025","353,149","353,149","353,149","353,149","54.82M","0.61%"
"07/29/2025","351,016","351,016","351,016","351,016","14.88M","0.52%"
"07/28/2025","349,209","349,209","349,209","349,209","13.34M","0.35%"
"07/25/2025","347,992","347,992","347,992","347,992","8.34M","-0.81%"
"07/24/2025","350,826","350,826","350,826","350,826","13.25M","-0.02%"
"07/23/2025","350,896","350,896","350,896","350,896","5.34M","0.10%"
"07/22/2025","350,537","350,537","350,537","350,537","9.19M","-0.37%"
"07/21/2025","351,848","351,848","351,848","351,848","12.90M","-0.16%"
"07/18/2025","352,407","352,407","352,407","352,407","8.15M","-0.67%"
"07/17/2025","354,774","354,774","354,774","354,774","8.35M","0.83%"
"07/16/2025","351,870","351,870","351,870","351,870","8.04M","-0.30%"
"07/15/2025","352,920","352,920","352,920","352,920","6.74M","0.02%"
"07/14/2025","352,851","352,851","352,851","352,851","10.11M","-0.04%"
"07/11/2025","352,976","352,976","352,976","352,976","12.62M","-0.86%"
"07/10/2025","356,036","356,036","356,036","356,036","5.81M","0.86%"
"07/09/2025","352,987","352,987","352,987","352,987","5.87M","-0.60%"
"07/08/2025","355,133","355,133","355,133","355,133","8.92M","0.00%"
"07/07/2025","355,131","355,131","355,131","355,131","34.32M","-1.57%"
"07/04/2025","360,787","360,787","360,787","360,787","18.27M","0.69%"
"07/03/2025","358,308","358,308","358,308","358,308","12.07M","-0.42%"
"07/02/2025","359,802","359,802","359,802","359,802","13.50M","-0.96%"
"07/01/2025","363,296","363,296","363,296","363,296","8.89M","-1.24%"
"06/30/2025","367,867","367,867","367,867","367,867","32.83M","1.86%"
"06/27/2025","361,144","361,144","361,144","361,144","17.30M","0.51%"
"06/26/2025","359,325","359,325","359,325","359,325","18.41M","0.72%"
"06/25/2025","356,769","356,769","356,769","356,769","11.82M","-0.40%"
"06/24/2025","358,210","358,210","358,210","358,210","8.66M","-0.83%"
"06/23/2025","361,208","361,208","361,208","361,208","6.97M","0.57%"
"06/20/2025","359,171","359,171","359,171","359,171","4.83M","0.23%"
"06/19/2025","358,341","358,341","358,341","358,341","6.61M","-0.07%"
"06/18/2025","358,606","358,606","358,606","358,606","7.39M","-0.15%"
"06/17/2025","359,136","359,136","359,136","359,136","11.03M","0.13%"
"06/16/2025","358,666","358,666","358,666","358,666","5.15M","-1.11%"
"06/13/2025","362,705","362,705","362,705","362,705","5.76M","0.33%"
"06/12/2025","361,499","361,499","361,499","361,499","12.22M","0.22%"
"06/11/2025","360,689","360,689","360,689","360,689","14.52M","-1.31%"
"06/10/2025","365,486","365,486","365,486","365,486","7.32M","-0.08%"
"06/09/2025","365,793","365,793","365,793","365,793","5.59M","-1.11%"
"06/06/2025","369,906","369,906","369,906","369,906","5.72M","0.17%"
"06/05/2025","369,285","369,285","369,285","369,285","13.17M","0.51%"
"06/04/2025","367,403","367,403","367,403","367,403","5.41M","-0.80%"
"06/03/2025","370,384","370,384","370,384","370,384","6.52M","-1.14%"
"06/02/2025","374,638","374,638","374,638","374,638","10.02M","0.14%"
"05/30/2025","374,106","374,106","374,106","374,106","22.89M","0.26%"
"05/29/2025","373,127","373,127","373,127","373,127","16.58M","1.11%"
"05/28/2025","369,043","369,043","369,043","369,043","14.83M","-0.11%"
"05/27/2025","369,434","369,434","369,434","369,434","9.56M","0.55%"
"05/26/2025","367,408","367,408","367,408","367,408","9.72M","0.01%"
"05/22/2025","367,388","367,388","367,388","367,388","5.86M","0.35%"
"05/21/2025","366,093","366,093","366,093","366,093","9.83M","-0.07%"
"05/20/2025","366,344","366,344","366,344","366,344","29.31M","-1.29%"
"05/19/2025","371,144","371,144","371,144","371,144","14.83M","0.33%"
"05/16/2025","369,936","369,936","369,936","369,936","13.39M","0.12%"
"05/15/2025","369,489","369,489","369,489","369,489","23.98M","-0.18%"
"05/13/2025","370,173","370,173","370,173","370,173","16.51M","-0.44%"
"05/12/2025","371,800","371,800","371,800","371,800","11.15M","0.28%"
"05/09/2025","370,756","370,756","370,756","370,756","16.96M","0.06%"
"05/08/2025","370,533","370,533","370,533","370,533","21.45M","-0.59%"
"05/07/2025","372,744","372,744","372,744","372,744","5.27M","-0.04%"
"05/06/2025","372,893","372,893","372,893","372,893","9.32M","-0.34%"
"05/05/2025","374,147","374,147","374,147","374,147","5.97M","0.42%"
"05/02/2025","372,580","372,580","372,580","372,580","5.33M","-0.10%"
"05/01/2025","372,957","372,957","372,957","372,957","14.45M","-1.33%"
"04/30/2025","377,999","377,999","377,999","377,999","20.84M","0.97%"
"04/29/2025","374,373","374,373","374,373","374,373","13.96M","0.82%"
"04/28/2025","371,313","371,313","371,313","371,313","13.09M","2.22%"
"04/25/2025","363,235","363,235","363,235","363,235","6.17M","-0.23%"
"04/24/2025","364,076","364,076","364,076","364,076","9.43M","0.46%"
"04/23/2025","362,406","362,406","362,406","362,406","7.80M","0.18%"
"04/22/2025","361,766","361,766","361,766","361,766","11.42M","0.35%"
"04/17/2025","360,489","360,489","360,489","360,489","13.73M","-0.22%"
"04/16/2025","361,298","361,298","361,298","361,298","26.11M","-0.30%"
"04/15/2025","362,383","362,383","362,383","362,383","13.27M","-0.58%"
"04/14/2025","364,494","364,494","364,494","364,494","8.16M","-0.37%"
"04/11/2025","365,852","365,852","365,852","365,852","12.18M","-0.51%"
"04/10/2025","367,724","367,724","367,724","367,724","1.23B","-0.28%"
"04/09/2025","368,744","368,744","368,744","368,744","93.95M","-0.38%"
"04/08/2025","370,134","370,134","370,134","370,134","10.82M","-0.76%"
"04/07/2025","372,966","372,966","372,966","372,966","13.69M","-0.55%"
"04/04/2025","375,041","375,041","375,041","375,041","69.09M","0.37%"
"04/03/2025","373,662","373,662","373,662","373,662","25.79M","-0.48%"
"04/02/2025","375,446","375,446","375,446","375,446","35.12M","-0.73%"
"04/01/2025","378,196","378,196","378,196","378,196","22.40M","-1.30%"
"03/31/2025","383,180","383,180","383,180","383,180","34.90M","1.37%"
"03/28/2025","378,006","378,006","378,006","378,006","211.49M","0.39%"
"03/27/2025","376,545","376,545","376,545","376,545","197.08M","-0.05%"
"03/26/2025","376,726","376,726","376,726","376,726","29.55M","-0.53%"
"03/25/2025","378,729","378,729","378,729","378,729","14.68M","0.38%"
"03/24/2025","377,284","377,284","377,284","377,284","21.59M","0.35%"
"03/21/2025","375,986","375,986","375,986","375,986","14.91M","0.93%"
"03/20/2025","372,528","372,528","372,528","372,528","9.08M","-0.54%"
"03/19/2025","374,532","374,532","374,532","374,532","7.17M","-0.35%"
"03/18/2025","375,839","375,839","375,839","375,839","9.96M","0.00%"
"03/17/2025","375,822","375,822","375,822","375,822","14.71M","-0.57%"
"03/14/2025","377,974","377,974","377,974","377,974","15.67M","0.20%"
"03/13/2025","377,202","377,202","377,202","377,202","6.36M","-0.45%"
"03/12/2025","378,896","378,896","378,896","378,896","41.44M","-0.64%"
"03/11/2025","381,353","381,353","381,353","381,353","18.40M","-0.23%"
"03/10/2025","382,235","382,235","382,235","382,235","8.45M","0.31%"
"03/07/2025","381,039","381,039","381,039","381,039","15.93M","0.43%"
"03/06/2025","379,410","379,410","379,410","379,410","9.50M","-0.30%"
"03/04/2025","380,551","380,551","380,551","380,551","357.25M","-0.90%"
"03/03/2025","384,025","384,025","384,025","384,025","13.33M","-0.14%"
"02/28/2025","384,557","384,557","384,557","384,557","22.16M","0.55%"
"02/27/2025","382,454","382,454","382,454","382,454","19.24M","0.67%"
"02/26/2025","379,906","379,906","379,906","379,906","24.69M","0.37%"
"02/25/2025","378,492","378,492","378,492","378,492","13.17M","0.14%"
"02/24/2025","377,945","377,945","377,945","377,945","6.19M","-0.09%"
"02/21/2025","378,269","378,269","378,269","378,269","13.46M","-0.17%"
"02/20/2025","378,897","378,897","378,897","378,897","6.45M","-0.38%"
"02/19/2025","380,351","380,351","380,351","380,351","12.73M","0.20%"
"02/18/2025","379,598","379,598","379,598","379,598","13.07M","-0.15%"
"02/17/2025","380,154","380,154","380,154","380,154","11.74M","-0.25%"
"02/14/2025","381,116","381,116","381,116","381,116","3.60M","-0.32%"
"02/13/2025","382,325","382,325","382,325","382,325","8.94M","0.39%"
"02/12/2025","380,836","380,836","380,836","380,836","6.89M","-0.48%"
"02/11/2025","382,678","382,678","382,678","382,678","73.07M","0.17%"
"02/10/2025","382,033","382,033","382,033","382,033","8.36M","0.33%"
"02/07/2025","380,783","380,783","380,783","380,783","16.35M","0.12%"
"02/06/2025","380,323","380,323","380,323","380,323","7.56M","-0.77%"
"02/05/2025","383,262","383,262","383,262","383,262","10.71M","-0.40%"
"02/04/2025","384,795","384,795","384,795","384,795","17.62M","-1.07%"
"02/03/2025","388,945","388,945","388,945","388,945","5.23M","0.66%"
"01/31/2025","386,394","386,394","386,394","386,394","20.56M","0.53%"
"01/30/2025","384,355","384,355","384,355","384,355","33.14M","0.00%"
"01/29/2025","384,340","384,339","384,339","384,339","20.23M","0.22%"
"01/28/2025","383,505","383,505","383,505","383,505","16.07M","-1.07%"
"01/27/2025","387,640","387,640","387,640","387,640","13.10M","0.79%"
"01/24/2025","384,617","384,617","384,617","384,617","14.61M","1.05%"
"01/23/2025","380,610","380,610","380,610","380,610","6.12M","-0.11%"
"01/22/2025","381,011","381,011","381,011","381,011","14.19M","-0.47%"
"01/21/2025","382,823","382,822","382,822","382,822","9.33M","-0.63%"
"01/20/2025","385,258","385,258","385,258","385,258","5.03M","0.14%"
"01/17/2025","384,717","384,717","384,717","384,717","25.17M","-0.07%"
"01/16/2025","384,974","384,974","384,974","384,974","12.87M","0.34%"
"01/15/2025","383,681","383,681","383,681","383,681","14.80M","0.81%"
"01/14/2025","380,595","380,595","380,595","380,595","7.76M","-0.54%"
"01/13/2025","382,676","382,676","382,676","382,676","13.35M","-0.65%"
"01/10/2025","385,186","385,186","385,186","385,186","8.51M","0.63%"
"01/09/2025","382,790","382,790","382,790","382,790","27.18M","-0.03%"
"01/08/2025","382,899","382,899","382,899","382,899","7.54M","-0.36%"
"01/07/2025","384,292","384,292","384,292","384,292","26.02M","0.32%"
"01/06/2025","383,075","383,075","383,075","383,075","13.16M","-1.39%"
"01/03/2025","388,467","388,467","388,467","388,467","19.40M","0.40%"
"01/02/2025","386,929","386,929","386,929","386,929","10.29M","-0.34%"
"12/31/2024","388,230","388,230","388,230","388,230","31.15M","0.73%"
"12/30/2024","385,402","385,402","385,402","385,402","40.12M","0.86%"
"12/27/2024","382,135","382,135","382,135","382,135","43.79M","1.07%"
"12/24/2024","378,087","378,087","378,087","378,087","15.34M","0.98%"
"12/23/2024","374,404","374,404","374,404","374,404","429.55M","1.41%"
"12/20/2024","369,207","369,207","369,207","369,207","34.96M","-0.68%"
"12/19/2024","371,726","371,726","371,726","371,726","19.76M","0.03%"
"12/18/2024","371,602","371,602","371,602","371,602","10.84M","-0.04%"
"12/17/2024","371,756","371,756","371,756","371,756","4.78M","0.74%"
"12/16/2024","369,030","369,030","369,030","369,030","21.04M","-0.37%"
"12/13/2024","370,401","370,401","370,401","370,401","30.34M","-0.49%"
"12/12/2024","372,231","372,231","372,231","372,231","7.89M","1.18%"
"12/11/2024","367,908","367,908","367,908","367,908","9.44M","0.54%"
"12/10/2024","365,916","365,916","365,916","365,916","23.60M","-0.72%"
"12/09/2024","368,572","368,572","368,572","368,572","9.55M","0.32%"
"12/06/2024","367,407","367,407","367,407","367,407","360.30M","-0.11%"
"12/05/2024","367,814","367,814","367,814","367,814","14.55M","-0.30%"
"12/04/2024","368,924","368,924","368,924","368,924","14.48M","-0.38%"
"12/03/2024","370,325","370,325","370,325","370,325","22.33M","-0.23%"
"12/02/2024","371,167","371,167","371,167","371,167","30.20M","0.34%"
"11/29/2024","369,926","369,926","369,926","369,926","369.93K","0.13%"
"11/28/2024","369,448","369,448","369,448","369,448","20.46M","1.02%"
"11/27/2024","365,720","365,720","365,720","365,720","23.06M","0.31%"
"11/26/2024","364,577","364,577","364,577","364,577","26.23M","0.90%"
"11/25/2024","361,336","361,336","361,336","361,336","18.47M","0.83%"
"11/22/2024","358,347","358,347","358,347","358,347","5.70M","-0.28%"
"11/21/2024","359,368","359,368","359,368","359,368","22.89M","-0.56%"
"11/20/2024","361,382","361,382","361,382","361,382","25.99M","-0.17%"
"11/19/2024","361,988","361,988","361,988","361,988","362.51K","-0.14%"
"11/18/2024","362,506","362,506","362,506","362,506","24.54M","0.41%"
"11/15/2024","361,016","361,016","361,016","361,016","14.38M","0.09%"
"11/14/2024","360,694","360,694","360,694","360,694","24.17M","0.45%"
"11/13/2024","359,090","359,090","359,090","359,090","10.92M","-0.66%"
"11/12/2024","361,463","361,463","361,463","361,463","5.90M","-0.22%"
"11/11/2024","362,264","362,264","362,264","362,264","11.74M","-0.39%"
"11/08/2024","363,676","363,676","363,676","363,676","16.29M","-0.58%"
"11/07/2024","365,804","365,804","365,804","365,804","7.26M","0.88%"
"11/06/2024","362,599","362,599","362,599","362,599","8.80M","-0.79%"
"11/05/2024","365,474","365,474","365,474","365,474","5.42M","0.15%"
"11/04/2024","364,914","364,914","364,914","364,914","34.07M","-0.14%"
"11/01/2024","365,439","365,439","365,439","365,439","12.16M","0.47%"
"10/31/2024","363,735","363,735","363,735","363,735","27.47M","0.89%"
"10/30/2024","360,523","360,523","360,523","360,523","31.03M","-0.49%"
"10/29/2024","362,297","362,297","362,297","362,297","20.69M","0.98%"
"10/28/2024","358,772","358,772","358,772","358,772","21.52M","1.06%"
"10/25/2024","355,021","355,021","355,021","355,021","7.27M","-0.39%"
"10/24/2024","356,408","356,408","356,408","356,408","4.43M","0.03%"
"10/23/2024","356,293","356,293","356,293","356,293","11.40M","1.23%"
"10/22/2024","351,969","351,969","351,969","351,969","10.85M","-1.55%"
"10/18/2024","357,497","357,497","357,497","357,497","6.70M","-0.17%"
"10/17/2024","358,115","358,115","358,115","358,115","9.25M","-0.23%"
"10/16/2024","358,937","358,937","358,937","358,937","3.02M","1.01%"
"10/15/2024","355,360","355,360","355,360","355,360","6.03M","-0.36%"
"10/14/2024","356,655","356,655","356,655","356,655","11.43M","-0.37%"
"10/11/2024","357,986","357,986","357,986","357,986","4.91M","0.65%"
"10/10/2024","355,671","355,671","355,671","355,671","8.31M","0.10%"
"10/09/2024","355,309","355,309","355,309","355,309","10.49M","0.13%"
"10/08/2024","354,830","354,830","354,830","354,830","6.84M","0.01%"
"10/07/2024","354,802","354,802","354,802","354,802","6.43M","-0.34%"
"10/04/2024","356,000","356,000","356,000","356,000","19.30M","-0.87%"
"10/03/2024","359,124","359,124","359,124","359,124","13.18M","0.16%"
"10/02/2024","358,550","358,550","358,550","358,550","11.62M","-0.80%"
"10/01/2024","361,460","361,460","361,460","361,460","12.73M","-0.23%"
"09/30/2024","362,290","362,290","362,290","362,290","48.41M","1.01%"
"09/27/2024","358,669","358,669","358,669","358,669","47.02M","1.46%"
"09/26/2024","353,514","353,514","353,514","353,514","19.36M","1.02%"
"09/25/2024","349,959","349,959","349,959","349,959","28.37M","0.22%"
"09/24/2024","349,183","349,183","349,183","349,183","14.59M","-0.27%"
"09/23/2024","350,128","350,128","350,128","350,128","17.61M","0.51%"
"09/20/2024","348,363","348,363","348,363","348,363","127.84M","-0.58%"
"09/19/2024","350,390","350,390","350,390","350,390","33.59M","-0.03%"
"09/18/2024","350,512","350,512","350,512","350,512","18.83M","0.42%"
"09/17/2024","349,044","349,044","349,044","349,044","40.61M","-0.41%"
"09/16/2024","350,498","350,498","350,498","350,498","8.17M","0.83%"
"09/13/2024","347,602","347,602","347,602","347,602","194.08M","-0.44%"
"09/12/2024","349,126","349,126","349,126","349,126","5.10M","0.21%"
"09/11/2024","348,403","348,403","348,403","348,403","6.64M","-0.31%"
"09/10/2024","349,474","349,474","349,474","349,474","7.44M","-0.17%"
"09/09/2024","350,071","350,071","350,071","350,071","17.18M","0.80%"
"09/06/2024","347,280","347,280","347,280","347,280","6.29M","0.36%"
"09/05/2024","346,018","346,018","346,018","346,018","45.28M","-1.36%"
"09/04/2024","350,785","350,785","350,785","350,785","5.35M","-0.11%"
"09/03/2024","351,179","351,179","351,179","351,179","5.75M","-0.53%"
"09/02/2024","353,055","353,055","353,055","353,055","6.14M","-0.63%"
"08/30/2024","355,300","355,300","355,300","355,300","8.67M","0.81%"
"08/29/2024","352,440","352,440","352,440","352,440","13.19M","-0.15%"
"08/28/2024","352,978","352,978","352,978","352,978","9.91M","0.76%"
"08/27/2024","350,316","350,316","350,316","350,316","18.55M","0.14%"
"08/26/2024","349,833","349,833","349,833","349,833","15.27M","-0.34%"
"08/23/2024","351,011","351,011","351,011","351,011","30.64M","0.35%"
"08/22/2024","349,798","349,798","349,798","349,798","6.21M","-0.12%"
"08/21/2024","350,215","350,215","350,215","350,215","5.43M","0.75%"
"08/20/2024","347,610","347,610","347,610","347,610","6.87M","-0.31%"
"08/19/2024","348,692","348,692","348,692","348,692","7.61M","-0.78%"
"08/16/2024","351,434","351,434","351,434","351,434","9.22M","-0.12%"
"08/15/2024","351,851","351,851","351,851","351,851","8.62M","1.11%"
"08/14/2024","347,995","347,995","347,995","347,995","26.95M","-0.51%"
"08/13/2024","349,784","349,784","349,784","349,784","10.18M","-0.47%"
"08/12/2024","351,430","351,430","351,430","351,430","7.10M","0.18%"
"08/09/2024","350,796","350,796","350,796","350,796","10.91M","0.06%"
"08/08/2024","350,590","350,590","350,590","350,590","6.26M","-0.07%"
"08/07/2024","350,824","350,824","350,824","350,824","8.66M","-0.71%"
"08/05/2024","353,347","353,347","353,347","353,347","6.40M","-0.31%"
"08/02/2024","354,459","354,459","354,459","354,459","78.75M","0.19%"
"07/31/2024","353,770","353,770","353,770","353,770","21.65M","0.30%"
"07/30/2024","352,724","352,724","352,724","352,724","13.65M","-0.70%"
"07/29/2024","355,200","355,200","355,200","355,200","12.02M","-0.39%"
"07/26/2024","356,593","356,593","356,593","356,593","13.51M","0.47%"
"07/25/2024","354,910","354,910","354,910","354,910","12.85M","0.47%"
"07/24/2024","353,243","353,243","353,243","353,243","5.05M","-0.43%"
"07/23/2024","354,761","354,761","354,761","354,761","11.70M","0.29%"
"07/22/2024","353,752","353,752","353,752","353,752","17.74M","0.52%"
"07/19/2024","351,921","351,921","351,921","351,921","7.40M","-0.27%"
"07/18/2024","352,864","352,864","352,864","352,864","7.10M","-0.34%"
"07/17/2024","354,079","354,079","354,079","354,079","26.56M","0.39%"
"07/16/2024","352,707","352,707","352,707","352,707","5.83M","-1.22%"
"07/15/2024","357,080","357,080","357,080","357,080","3.13M","-0.17%"
"07/12/2024","357,690","357,690","357,690","357,690","26.13M","-0.12%"
"07/11/2024","358,130","358,130","358,130","358,130","8.13M","0.28%"
"07/10/2024","357,127","357,127","357,127","357,127","17.98M","-0.06%"
"07/09/2024","357,352","357,352","357,352","357,352","496.10M","0.02%"
"07/08/2024","357,293","357,293","357,293","357,293","4.65M","-0.03%"
"07/05/2024","357,397","357,397","357,397","357,397","2.85M","-0.64%"
"07/04/2024","359,696","359,696","359,696","359,696","3.63M","0.78%"
"07/02/2024","356,910","356,910","356,910","356,910","15.70M","-0.38%"
"07/01/2024","358,284","358,284","358,284","358,284","7.34M","0.04%"
"06/28/2024","358,137","358,137","358,137","358,137","27.05M","0.89%"
"06/27/2024","354,970","354,970","354,970","354,970","13.68M","-0.72%"
"06/26/2024","357,537","357,537","357,537","357,537","13.14M","0.23%"
"06/25/2024","356,734","356,734","356,734","356,734","11.35M","0.26%"
"06/24/2024","355,796","355,796","355,796","355,796","13.67M","1.88%"
"06/21/2024","349,223","349,223","349,223","349,223","18.27M","-1.19%"
"06/20/2024","353,433","353,433","353,433","353,433","6.18M","0.27%"
"06/19/2024","352,472","352,472","352,472","352,472","9.52M","-0.29%"
"06/18/2024","353,488","353,488","353,488","353,488","6.80M","-0.56%"
"06/17/2024","355,496","355,496","355,496","355,496","12.73M","-0.30%"
"06/14/2024","356,571","356,571","356,571","356,571","19.36M","-0.04%"
"06/13/2024","356,729","356,729","356,729","356,729","15.73M","-1.11%"
"06/07/2024","360,751","360,751","360,751","360,751","28.03M","0.16%"
"06/03/2024","360,164","360,164","360,164","360,164","12.91M","-0.24%"
"05/31/2024","361,024","361,024","361,024","361,024","24.17M","1.14%"
"05/30/2024","356,956","356,956","356,956","356,956","13.72M","0.04%"
"05/29/2024","356,830","356,830","356,830","356,830","7.65M","-0.37%"
"05/28/2024","358,162","358,162","358,162","358,162","16.78M","1.02%"
"05/27/2024","354,558","354,558","354,558","354,558","5.07M","0.04%"
"05/24/2024","354,409","354,409","354,409","354,409","14.11M","0.09%"
"05/22/2024","354,076","354,076","354,076","354,076","7.04M","-0.95%"
"05/21/2024","357,487","357,487","357,487","357,487","10.76M","-0.10%"
"05/20/2024","357,848","357,848","357,848","357,848","7.43M","-0.15%"
"05/17/2024","358,400","358,400","358,400","358,400","26.80M","0.36%"
"05/16/2024","357,118","357,118","357,118","357,118","6.13M","0.06%"
"05/15/2024","356,887","356,887","356,887","356,887","12.15M","1.15%"
"05/14/2024","352,843","352,843","352,843","352,843","30.05M","-1.02%"
"05/13/2024","356,496","356,496","356,496","356,496","176.76M","0.08%"
"05/10/2024","356,197","356,197","356,197","356,197","16.07M","-0.18%"
"05/09/2024","356,821","356,821","356,821","356,821","6.23M","-0.28%"
"05/08/2024","357,812","357,812","357,812","357,812","5.99M","0.30%"
"05/07/2024","356,728","356,728","356,728","356,728","8.10M","-0.52%"
"05/06/2024","358,584","358,584","358,584","358,584","10.87M","0.14%"
"05/03/2024","358,098","358,098","358,098","358,098","4.30M","-0.81%"
"05/02/2024","361,032","361,032","361,032","361,032","10.88M","1.55%"
"04/26/2024","355,523","355,523","355,523","355,523","49.30M","-0.17%"
"04/25/2024","356,115","356,115","356,115","356,115","14.51M","0.90%"
"04/24/2024","352,936","352,936","352,936","352,936","13.20M","-0.27%"
"04/23/2024","353,903","353,903","353,903","353,903","12.99M","-0.68%"
"04/22/2024","356,312","356,312","356,312","356,312","35.45M","-0.71%"
"04/19/2024","358,878","358,878","358,878","358,878","4.62M","-0.93%"
"04/18/2024","362,251","362,251","362,251","362,251","8.61M","0.56%"
"04/17/2024","360,221","360,221","360,221","360,221","7.08M","-0.50%"
"04/16/2024","362,016","362,016","362,016","362,016","8.32M","-1.21%"
"04/15/2024","366,436","366,436","366,436","366,436","6.07M","-0.02%"
"04/12/2024","366,501","366,501","366,501","366,501","10.92M","-0.30%"
"04/11/2024","367,604","367,604","367,604","367,604","16.09M","-0.01%"
"04/10/2024","367,650","367,650","367,650","367,650","8.77M","0.31%"
"04/09/2024","366,510","366,510","366,510","366,510","10.15M","-0.21%"
"04/08/2024","367,298","367,298","367,298","367,298","12.13M","0.59%"
"04/05/2024","365,158","365,158","365,158","365,158","25.07M","-0.56%"
"04/04/2024","367,225","367,225","367,225","367,225","551.58M","0.44%"
"04/03/2024","365,600","365,600","365,600","365,600","26.65M","-0.52%"
"04/02/2024","367,500","367,500","367,500","367,500","11.72M","-0.29%"
"03/28/2024","368,584","368,584","368,584","368,584","15.71M","0.62%"
"03/27/2024","366,309","366,309","366,309","366,309","8.09M","-0.60%"
"03/26/2024","368,520","368,520","368,520","368,520","13.80M","1.36%"
"03/25/2024","363,560","363,560","363,560","363,560","25.76M","-1.29%"
"03/22/2024","368,311","368,311","368,311","368,311","9.36M","0.54%"
"03/21/2024","366,350","366,350","366,350","366,350","25.38M","-0.22%"
"03/20/2024","367,154","367,154","367,154","367,154","11.90M","0.28%"
"03/19/2024","366,116","366,116","366,116","366,116","22.74M","-0.91%"
"03/18/2024","369,462","369,462","369,462","369,462","20.59M","0.45%"
"03/15/2024","367,797","367,797","367,797","367,797","20.60M","0.34%"
"03/14/2024","366,543","366,543","366,543","366,543","23.57M","0.09%"
"03/13/2024","366,212","366,212","366,212","366,212","19.43M","-1.19%"
"03/12/2024","370,635","370,635","370,635","370,635","32.55M","1.00%"
"03/11/2024","366,964","366,964","366,964","366,964","30.72M","-1.47%"
"03/08/2024","372,435","372,435","372,435","372,435","24.18M","0.51%"
"03/07/2024","370,561","370,561","370,561","370,561","566.91M","-1.49%"
"03/06/2024","376,175","376,175","376,175","376,175","69.86M","-0.14%"
"03/05/2024","376,684","376,684","376,684","376,684","9.95M","-0.25%"
"03/04/2024","377,614","377,614","377,614","377,614","15.09M","0.33%"
"03/01/2024","376,388","376,388","376,388","376,388","20.79M","-0.07%"
"02/29/2024","376,633","376,633","376,633","376,633","25.47M","0.40%"
"02/28/2024","375,147","375,147","375,147","375,147","39.12M","0.69%"
"02/27/2024","372,563","372,563","372,563","372,563","18.14M","-1.21%"
"02/26/2024","377,145","377,145","377,145","377,145","42.92M","1.20%"
"02/23/2024","372,664","372,664","372,664","372,664","10.77M","-0.16%"
"02/22/2024","373,257","373,257","373,257","373,257","25.11M","0.36%"
"02/21/2024","371,935","371,935","371,935","371,935","33.67M","-0.97%"
"02/20/2024","375,595","375,595","375,595","375,595","44.52M","1.15%"
"02/19/2024","371,323","371,323","371,323","371,323","24.96M","-0.52%"
"02/16/2024","373,276","373,276","373,276","373,276","9.16M","0.35%"
"02/15/2024","371,982","371,982","371,982","371,982","38.56M","0.31%"
"02/13/2024","370,839","370,839","370,839","370,839","12.77M","10.77%"
"02/12/2024","334,783","334,783","334,783","334,783","35.57M","-0.14%"
"02/09/2024","335,251","335,251","335,251","335,251","15.12M","0.66%"
"02/08/2024","333,056","333,056","333,056","333,056","10.67M","-0.41%"
"02/07/2024","334,434","334,434","334,434","334,434","6.04M","0.04%"
"02/06/2024","334,296","334,296","334,296","334,296","15.57M","0.28%"
"02/05/2024","333,378","333,378","333,378","333,378","11.36M","1.23%"
"02/02/2024","329,341","329,341","329,341","329,341","11.52M","0.26%"
"01/31/2024","328,475","328,475","328,475","328,475","21.83M","1.15%"
"01/30/2024","324,725","324,725","324,725","324,725","16.92M","-0.38%"
"01/29/2024","325,956","325,956","325,956","325,956","29.60M","0.83%"
"01/26/2024","323,275","323,275","323,275","323,275","9.37M","0.48%"
"01/25/2024","321,726","321,726","321,726","321,726","20.84M","0.11%"
"01/19/2024","321,376","321,376","321,376","321,376","7.61M","-0.22%"
"01/18/2024","322,099","322,099","322,099","322,099","9.95M","-0.30%"
"01/17/2024","323,070","323,070","323,070","323,070","17.30M","0.07%"
"01/16/2024","322,833","322,833","322,833","322,833","7.62M","0.46%"
"01/15/2024","321,365","321,365","321,365","321,365","15.89M","-0.27%"
"01/12/2024","322,239","322,239","322,239","322,239","19.34M","0.94%"
"01/11/2024","319,223","319,223","319,223","319,223","16.80M","-0.41%"
"01/10/2024","320,530","320,530","320,530","320,530","12.51M","-0.85%"
"01/09/2024","323,288","323,288","323,288","323,288","5.42M","0.17%"
"01/08/2024","322,734","322,734","322,734","322,734","11.53M","0.01%"
"01/05/2024","322,698","322,698","322,698","322,698","10.95M","-0.33%"
"01/04/2024","323,759","323,759","323,759","323,759","6.74M","2.20%"
"12/22/2023","316,799","316,799","316,799","316,799","24.41M","0.26%"
"12/21/2023","315,986","315,986","315,986","315,986","7.40M","0.23%"
"12/20/2023","315,262","315,262","315,262","315,262","4.00M","0.67%"
"12/19/2023","313,170","313,170","313,170","313,170","17.43M","-0.01%"
"12/18/2023","313,186","313,186","313,186","313,186","7.17M","0.60%"
"12/15/2023","311,317","311,317","311,317","311,317","5.32M","-0.13%"
"12/14/2023","311,709","311,709","311,709","311,709","2.80M","0.24%"
"12/13/2023","310,954","310,954","310,954","310,954","6.46M","-0.06%"
"12/12/2023","311,127","311,127","311,127","311,127","6.43M","0.15%"
"12/11/2023","310,650","310,650","310,650","310,650","6.69M","-0.50%"
"12/08/2023","312,200","312,200","312,200","312,200","5.87M","1.01%"
"12/07/2023","309,072","309,072","309,072","309,072","12.32M","-0.97%"
"12/06/2023","312,106","312,106","312,106","312,106","7.75M","0.36%"
"12/05/2023","310,989","310,989","310,989","310,989","13.02M","-1.32%"
"12/04/2023","315,143","315,143","315,143","315,143","5.64M","-0.17%"
"12/01/2023","315,669","315,669","315,669","315,669","6.38M","0.17%"
"11/30/2023","315,148","315,148","315,148","315,148","16.74M","0.63%"
"11/29/2023","313,165","313,165","313,165","313,165","9.98M","0.30%"
"11/28/2023","312,226","312,226","312,226","312,226","5.13M","-1.09%"
"11/27/2023","315,680","315,680","315,680","315,680","6.63M","-0.07%"
"11/24/2023","315,890","315,890","315,890","315,890","11.46M","0.34%"
"11/23/2023","314,817","314,817","314,817","314,817","12.87M","1.41%"
"11/22/2023","310,441","310,441","310,441","310,441","54.39M","-0.80%"
"11/21/2023","312,932","312,932","312,932","312,932","4.54M","0.15%"
"11/20/2023","312,449","312,449","312,449","312,449","5.87M","-0.70%"
"11/17/2023","314,658","314,658","314,658","314,658","8.25M","-0.20%"
"11/16/2023","315,274","315,274","315,274","315,274","9.05M","0.11%"
"11/15/2023","314,939","314,939","314,939","314,939","7.78M","0.02%"
"11/14/2023","314,881","314,881","314,881","314,881","106.71M","-0.27%"
"11/13/2023","315,733","315,733","315,733","315,733","6.35M","0.23%"
"11/10/2023","314,999","314,999","314,999","314,999","11.40M","0.46%"
"11/09/2023","313,565","313,565","313,565","313,565","7.52M","-0.17%"
"11/08/2023","314,087","314,087","314,087","314,087","12.29M","0.71%"
"11/07/2023","311,867","311,867","311,867","311,867","17.11M","0.38%"
"11/06/2023","310,695","310,695","310,695","310,695","4.98M","-0.69%"
"11/03/2023","312,867","312,867","312,867","312,867","4.09M","-0.96%"
"11/02/2023","315,906","315,906","315,906","315,906","5.60M","0.39%"
"11/01/2023","314,690","314,690","314,690","314,690","8.32M","-1.29%"
"10/31/2023","318,788","318,788","318,788","318,788","7.47M","1.56%"
"10/30/2023","313,887","313,887","313,887","313,887","5.76M","-0.48%"
"10/27/2023","315,399","315,399","315,399","315,399","5.45M","1.15%"
"10/26/2023","311,810","311,810","311,810","311,810","8.56M","-0.55%"
"10/25/2023","313,538","313,538","313,538","313,538","13.46M","-0.17%"
"10/24/2023","314,062","314,062","314,062","314,062","7.19M","0.78%"
"10/23/2023","311,636","311,636","311,636","311,636","5.65M","0.04%"
"10/20/2023","311,500","311,500","311,500","311,500","2.90M","-1.24%"
"10/19/2023","315,398","315,398","315,398","315,398","6.37M","0.95%"
"10/18/2023","312,443","312,443","312,443","312,443","4.06M","-0.88%"
"10/17/2023","315,226","315,226","315,226","315,226","14.14M","0.11%"
"10/13/2023","314,885","314,885","314,885","314,885","10.58M","0.07%"
"10/12/2023","314,672","314,672","314,672","314,672","29.13M","0.86%"
"10/11/2023","311,981","311,981","311,981","311,981","55.45M","-0.88%"
"10/10/2023","314,750","314,750","314,750","314,750","8.30M","-0.40%"
"10/09/2023","316,012","316,012","316,012","316,012","8.77M","0.33%"
"10/06/2023","314,986","314,986","314,986","314,986","6.89M","-0.41%"
"10/05/2023","316,268","316,268","316,268","316,268","7.24M","-1.46%"
"10/04/2023","320,949","320,949","320,949","320,949","21.24M","-0.72%"
"10/03/2023","323,280","323,280","323,280","323,280","8.08M","-0.24%"
"10/02/2023","324,072","324,072","324,072","324,072","10.32M","-0.91%"
"09/29/2023","327,042","327,042","327,042","327,042","22.18M","2.09%"
"09/28/2023","320,348","320,348","320,348","320,348","13.64M","-0.75%"
"09/27/2023","322,777","322,777","322,777","322,777","45.69M","2.02%"
"09/26/2023","316,392","316,392","316,392","316,392","6.41M","0.19%"
"09/25/2023","315,805","315,805","315,805","315,805","14.06M","1.13%"
"09/22/2023","312,277","312,277","312,277","312,277","3.87M","0.28%"
"09/21/2023","311,401","311,401","311,401","311,401","6.61M","-0.14%"
"09/20/2023","311,846","311,846","311,846","311,846","4.91M","-0.51%"
"09/19/2023","313,449","313,449","313,449","313,449","4.07M","-0.67%"
"09/18/2023","315,576","315,576","315,576","315,576","8.29M","0.39%"
"09/15/2023","314,347","314,347","314,347","314,347","5.47M","-0.58%"
"09/14/2023","316,175","316,175","316,175","316,175","50.80M","0.04%"
"09/13/2023","316,046","316,046","316,046","316,046","5.49M","-0.40%"
"09/12/2023","317,310","317,310","317,310","317,310","5.37M","-0.17%"
"09/11/2023","317,837","317,837","317,837","317,837","9.16M","-0.79%"
"09/08/2023","320,354","320,354","320,354","320,354","5.26M","0.57%"
"09/07/2023","318,534","318,534","318,534","318,534","10.62M","-0.22%"
"09/06/2023","319,241","319,241","319,241","319,241","11.78M","-0.78%"
"09/05/2023","321,764","321,764","321,764","321,764","3.72M","-0.60%"
"09/04/2023","323,699","323,699","323,699","323,699","5.48M","-0.29%"
"09/01/2023","324,638","324,638","324,638","324,638","9.26M","0.90%"
"08/31/2023","321,732","321,732","321,732","321,732","18.68M","0.44%"
"08/25/2023","320,330","320,330","320,330","320,330","10.57M","-1.20%"
"08/21/2023","324,224","324,224","324,224","324,224","9.80M","1.30%"
"08/18/2023","320,071","320,071","320,071","320,071","10.26M","-0.21%"
"08/17/2023","320,756","320,756","320,756","320,756","5.51M","-0.14%"
"08/16/2023","321,213","321,213","321,213","321,213","27.24M","-0.06%"
"08/15/2023","321,406","321,406","321,406","321,406","12.62M","-0.26%"
"08/14/2023","322,252","322,252","322,252","322,252","10.93M","0.32%"
"08/11/2023","321,234","321,234","321,234","321,234","7.67M","-0.71%"
"08/10/2023","323,527","323,527","323,527","323,527","15.74M","-0.79%"
"08/09/2023","326,094","326,094","326,094","326,094","18.75M","-0.20%"
"08/08/2023","326,742","326,742","326,742","326,742","16.41M","0.20%"
"08/04/2023","326,088","326,088","326,088","326,088","10.89M","-0.13%"
"08/03/2023","326,525","326,525","326,525","326,525","124.69M","-0.77%"
"08/02/2023","329,060","329,060","329,060","329,060","14.11M","0.81%"
"07/31/2023","326,405","326,405","326,405","326,405","10.27M","0.35%"
"07/28/2023","325,270","325,270","325,270","325,270","10.23M","-1.10%"
"07/27/2023","328,878","328,878","328,878","328,878","16.12M","0.82%"
"07/26/2023","326,203","326,203","326,203","326,203","6.03M","-0.56%"
"07/25/2023","328,047","328,047","328,047","328,047","14.46M","-0.39%"
"07/24/2023","329,347","329,347","329,347","329,347","16.38M","0.45%"
"07/21/2023","327,868","327,868","327,868","327,868","17.42M","-9.54%"
"07/20/2023","362,426","362,426","362,426","362,426","12.08M","0.48%"
"07/19/2023","360,690","360,690","360,690","360,690","10.33M","-0.20%"
"07/18/2023","361,399","361,399","361,399","361,399","7.63M","0.46%"
"07/17/2023","359,758","359,758","359,758","359,758","9.48M","-0.04%"
"07/14/2023","359,919","359,919","359,919","359,919","7.58M","-0.47%"
"07/13/2023","361,614","361,614","361,614","361,614","8.65M","-0.34%"
"07/12/2023","362,841","362,841","362,841","362,841","15.31M","-0.01%"
"07/11/2023","362,882","362,882","362,882","362,882","9.13M","-0.14%"
"07/10/2023","363,380","363,380","363,380","363,380","24.44M","0.03%"
"07/07/2023","363,288","363,288","363,288","363,288","11.91M","-0.56%"
"07/06/2023","365,340","365,340","365,340","365,340","19.49M","0.18%"
"07/05/2023","364,684","364,684","364,684","364,684","17.33M","-0.40%"
"07/04/2023","366,146","366,146","366,146","366,146","67.83M","-0.18%"
"07/03/2023","366,806","366,806","366,806","366,806","8.35M","-1.02%"
"06/30/2023","370,574","370,574","370,574","370,574","25.39M","0.70%"
"06/29/2023","368,014","368,014","368,014","368,014","22.27M","0.19%"
"06/28/2023","367,304","367,304","367,304","367,304","22.09M","0.58%"
"06/27/2023","365,191","365,191","365,191","365,191","33.76M","0.21%"
"06/26/2023","364,419","364,419","364,419","364,419","15.46M","0.76%"
"06/23/2023","361,654","361,654","361,654","361,654","14.03M","0.01%"
"06/22/2023","361,608","361,608","361,608","361,608","24.68M","-0.27%"
"06/21/2023","362,601","362,601","362,601","362,601","7.74M","0.43%"
"06/20/2023","361,052","361,052","361,052","361,052","31.37M","-0.90%"
"06/19/2023","364,321","364,321","364,321","364,321","24.00M","1.08%"
"06/16/2023","360,435","360,435","360,435","360,435","14.31M","-0.06%"
"06/15/2023","360,649","360,649","360,649","360,649","20.66M","-0.09%"
"06/14/2023","360,982","360,982","360,982","360,982","29.19M","-0.31%"
"06/13/2023","362,088","362,088","362,088","362,088","54.34M","0.22%"
"06/12/2023","361,277","361,277","361,277","361,277","10.87M","-0.09%"
"06/09/2023","361,603","361,603","361,603","361,603","35.79M","-0.63%"
"06/08/2023","363,895","363,895","363,895","363,895","13.04M","-1.84%"
"06/02/2023","370,718","370,718","370,718","370,718","23.88M","-0.56%"
"06/01/2023","372,808","372,808","372,808","372,808","8.88M","0.63%"
"05/31/2023","370,476","370,476","370,476","370,476","24.30M","0.03%"
"05/30/2023","370,364","370,364","370,364","370,364","8.48M","-0.48%"
"05/29/2023","372,169","372,169","372,169","372,169","19.03M","-0.14%"
"05/26/2023","372,672","372,672","372,672","372,672","14.01M","0.82%"
"05/25/2023","369,655","369,655","369,655","369,655","8.97M","-0.34%"
"05/24/2023","370,918","370,918","370,918","370,918","17.91M","0.97%"
"05/22/2023","367,372","367,372","367,372","367,372","9.08M","1.00%"
"05/19/2023","363,731","363,731","363,731","363,731","9.32M","-0.92%"
"05/18/2023","367,119","367,119","367,119","367,119","6.84M","-0.72%"
"05/17/2023","369,783","369,783","369,783","369,783","11.79M","-99.10%"
"05/16/2023","41,304,336","41,304,336","41,304,336","41,304,336","20.50M","11,146.14%"
"05/15/2023","367,276","367,276","367,276","367,276","17.84M","-0.62%"
"05/12/2023","369,575","369,575","369,575","369,575","8.92M","-0.68%"
"05/11/2023","372,123","372,123","372,123","372,123","6.18M","0.92%"
"05/10/2023","368,715","368,715","368,715","368,715","7.54M","-1.00%"
"05/08/2023","372,453","372,453","372,453","372,453","11.47M","0.20%"
"05/05/2023","371,711","371,711","371,711","371,711","11.72M","-0.35%"
"05/04/2023","373,017","373,017","373,017","373,017","3.81M","-0.53%"
"05/03/2023","375,012","375,012","375,012","375,012","6.28M","0.39%"
"05/02/2023","373,543","373,543","373,543","373,543","25.73M","-1.73%"
"05/01/2023","380,120","380,120","380,120","380,120","22.87M","-0.05%"
"04/28/2023","380,323","380,323","380,323","380,323","15.51M","0.83%"
"04/27/2023","377,204","377,204","377,204","377,204","9.64M","0.22%"
"04/26/2023","376,388","376,388","376,388","376,388","27.08M","0.52%"
"04/25/2023","374,451","374,451","374,451","374,451","27.56M","-0.36%"
"04/24/2023","375,805","375,805","375,805","375,805","20.92M","0.46%"
"04/21/2023","374,095","374,095","374,095","374,095","9.26M","0.46%"
"04/20/2023","372,372","372,372","372,372","372,372","20.29M","0.67%"
"04/19/2023","369,888","369,888","369,888","369,888","19.13M","-0.61%"
"04/18/2023","372,174","372,174","372,174","372,174","7.95M","-0.22%"
"04/17/2023","373,006","373,006","373,006","373,006","9.37M","0.51%"
"04/14/2023","371,124","371,124","371,124","371,124","17.42M","1.09%"
"04/13/2023","367,127","367,127","367,127","367,127","20.04M","-0.32%"
"04/12/2023","368,295","368,295","368,295","368,295","12.89M","-0.28%"
"04/11/2023","369,312","369,312","369,312","369,312","4.97M","-0.32%"
"04/06/2023","370,516","370,516","370,516","370,516","10.46M","-0.20%"
"04/04/2023","371,255","371,255","371,255","371,255","9.53M","-0.13%"
"04/03/2023","371,750","371,750","371,750","371,750","18.20M","-3.13%"
"03/31/2023","383,757","383,757","383,757","383,757","24.42M","1.67%"
"03/30/2023","377,465","377,465","377,465","377,465","13.35M","2.30%"
"03/29/2023","368,993","368,993","368,993","368,993","59.57M","1.03%"
"03/28/2023","365,236","365,236","365,236","365,236","17.08M","0.01%"
"03/27/2023","365,196","365,196","365,196","365,196","83.60M","0.58%"
"03/24/2023","363,093","363,093","363,093","363,093","9.35M","0.24%"
"03/23/2023","362,231","362,231","362,231","362,231","5.65M","-0.98%"
"03/22/2023","365,833","365,833","365,833","365,833","15.38M","0.80%"
"03/21/2023","362,933","362,933","362,933","362,933","46.86M","-0.49%"
"03/20/2023","364,710","364,710","364,710","364,710","12.58M","-0.93%"
"03/17/2023","368,133","368,133","368,133","368,133","6.90M","-0.80%"
"03/16/2023","371,110","371,110","371,110","371,110","3.77M","0.13%"
"03/15/2023","370,614","370,614","370,614","370,614","34.52M","-0.15%"
"03/14/2023","371,172","371,172","371,172","371,172","8.08M","-0.27%"
"03/13/2023","372,177","372,177","372,177","372,177","9.92M","-0.20%"
"03/10/2023","372,922","372,922","372,922","372,922","10.72M","-0.07%"
"03/09/2023","373,191","373,191","373,191","373,191","17.59M","-0.27%"
"03/08/2023","374,184","374,184","374,184","374,184","23.60M","-0.59%"
"03/07/2023","376,413","376,413","376,413","376,413","19.61M","-0.76%"
"03/06/2023","379,314","379,314","379,314","379,314","8.87M","-0.82%"
"03/03/2023","382,458","382,458","382,458","382,458","7.31M","0.58%"
"03/02/2023","380,266","380,266","380,266","380,266","10.40M","-0.47%"
"03/01/2023","382,079","382,079","382,079","382,079","5.33M","0.89%"
"02/28/2023","378,694","378,694","378,694","378,694","15.50M","1.61%"
"02/27/2023","372,687","372,687","372,687","372,687","5.86M","-1.27%"
"02/24/2023","377,477","377,477","377,477","377,477","7.70M","0.91%"
"02/23/2023","374,081","374,081","374,081","374,081","6.38M","-0.35%"
"02/21/2023","375,406","375,406","375,406","375,406","18.16M","-0.02%"
"02/20/2023","375,486","375,486","375,486","375,486","14.75M","0.80%"
"02/17/2023","372,524","372,524","372,524","372,524","6.57M","-1.69%"
"02/16/2023","378,926","378,926","378,926","378,926","6.67M","0.66%"
"02/15/2023","376,427","376,427","376,427","376,427","13.38M","-1.31%"
"02/14/2023","381,416","381,416","381,416","381,416","5.30M","0.53%"
"02/13/2023","379,404","379,404","379,404","379,404","10.86M","-0.43%"
"02/10/2023","381,046","381,046","381,046","381,046","11.78M","0.12%"
"02/09/2023","380,579","380,579","380,579","380,579","16.05M","0.34%"
"02/08/2023","379,291","379,291","379,291","379,291","9.48M","0.92%"
"02/07/2023","375,831","375,831","375,831","375,831","7.94M","-0.68%"
"02/06/2023","378,389","378,389","378,389","378,389","9.43M","-0.69%"
"02/03/2023","381,037","381,037","381,037","381,037","7.61M","0.10%"
"02/02/2023","380,642","380,642","380,642","380,642","5.59M","-0.34%"
"02/01/2023","381,932","381,932","381,932","381,932","9.40M","-0.88%"
"01/31/2023","385,332","385,332","385,332","385,332","15.27M","-0.11%"
"01/30/2023","385,738","385,738","385,738","385,738","18.18M","0.29%"
"01/27/2023","384,639","384,639","384,639","384,639","10.82M","0.42%"
"01/26/2023","383,017","383,017","383,017","383,017","16.67M","-0.82%"
"01/25/2023","386,165","386,165","386,165","386,165","32.90M","0.14%"
"01/24/2023","385,609","385,609","385,609","385,609","23.05M","0.10%"
"01/23/2023","385,222","385,222","385,222","385,222","9.60M","-0.22%"
"01/20/2023","386,063","386,063","386,063","386,063","8.61M","-0.24%"
"01/19/2023","386,984","386,984","386,984","386,984","12.88M","-0.40%"
"01/18/2023","388,533","388,533","388,533","388,533","3.71M","-0.43%"
"01/17/2023","390,218","390,218","390,218","390,218","6.49M","0.42%"
"01/16/2023","388,574","388,574","388,574","388,574","5.91M","-1.12%"
"01/13/2023","392,987","392,987","392,987","392,987","4.16M","0.86%"
"01/12/2023","389,644","389,644","389,644","389,644","8.20M","0.71%"
"01/11/2023","386,883","386,883","386,883","386,883","9.80M","-0.93%"
"01/10/2023","390,518","390,518","390,518","390,518","8.20M","0.10%"
"01/09/2023","390,121","390,121","390,121","390,121","10.22M","-1.50%"
"01/06/2023","396,044","396,044","396,044","396,044","9.93M","0.91%"
"01/05/2023","392,485","392,485","392,485","392,485","5.82M","-0.54%"
"01/04/2023","394,631","394,631","394,631","394,631","7.28M","-2.40%"
"01/03/2023","404,349","404,349","404,349","404,349","8.24M","0.31%"
"12/30/2022","403,080","403,080","403,080","403,080","182.59M","2.25%"
"12/29/2022","394,216","394,216","394,216","394,216","10.90M","2.58%"
"12/28/2022","384,289","384,289","384,289","384,289","22.13M","-0.05%"
"12/23/2022","384,468","384,468","384,468","384,468","21.15M","0.91%"
"12/22/2022","380,985","380,985","380,985","380,985","7.57M","-0.31%"
"12/21/2022","382,180","382,180","382,180","382,180","68.28M","0.68%"
"12/20/2022","379,585","379,585","379,585","379,585","8.69M","0.01%"
"12/19/2022","379,558","379,558","379,558","379,558","6.90M","-0.19%"
"12/16/2022","380,284","380,284","380,284","380,284","27.40M","-0.49%"
"12/15/2022","382,174","382,174","382,174","382,174","7.08M","0.28%"
"12/14/2022","381,106","381,106","381,106","381,106","8.92M","-0.75%"
"12/13/2022","383,990","383,990","383,990","383,990","11.98M","0.03%"
"12/12/2022","383,893","383,893","383,893","383,893","6.38M","0.40%"
"12/09/2022","382,369","382,369","382,369","382,369","2.89M","-0.60%"
"12/08/2022","384,668","384,668","384,668","384,668","246.79M","-0.67%"
"12/07/2022","387,274","387,274","387,274","387,274","12.89M","1.16%"
"12/06/2022","382,828","382,828","382,828","382,828","11.74M","-0.65%"
"12/05/2022","385,352","385,352","385,352","385,352","6.35M","-0.45%"
"12/02/2022","387,083","387,083","387,083","387,083","6.54M","-0.58%"
"12/01/2022","389,346","389,346","389,346","389,346","3.64M","1.17%"
"11/30/2022","384,848","384,848","384,848","384,848","9.82M","2.27%"
"11/29/2022","376,303","376,303","376,303","376,303","5.67M","-1.68%"
"11/28/2022","382,725","382,725","382,725","382,725","12.75M","0.28%"
"11/25/2022","381,653","381,653","381,653","381,653","6.74M","0.47%"
"11/24/2022","379,869","379,869","379,869","379,869","19.40M","-0.30%"
"11/23/2022","381,023","381,023","381,023","381,023","6.01M","0.24%"
"11/22/2022","380,113","380,113","380,113","380,113","6.73M","0.20%"
"11/21/2022","379,342","379,342","379,342","379,342","12.03M","-0.27%"
"11/18/2022","380,362","380,362","380,362","380,362","8.62M","-0.77%"
"11/17/2022","383,316","383,316","383,316","383,316","10.43M","-1.56%"
"11/16/2022","389,396","389,396","389,396","389,396","23.82M","-0.12%"
"11/15/2022","389,850","389,850","389,850","389,850","11.84M","-0.16%"
"11/14/2022","390,479","390,479","390,479","390,479","10.95M","-0.48%"
"11/11/2022","392,366","392,366","392,366","392,366","7.61M","-0.07%"
"11/10/2022","392,649","392,649","392,649","392,649","12.08M","-0.58%"
"11/09/2022","394,931","394,931","394,931","394,931","4.26M","0.48%"
"11/08/2022","393,037","393,037","393,037","393,037","15.16M","-0.91%"
"11/07/2022","396,650","396,650","396,650","396,650","16.12M","-0.33%"
"11/04/2022","397,953","397,953","397,953","397,953","10.05M","0.93%"
"11/03/2022","394,298","394,298","394,298","394,298","13.09M","-0.56%"
"11/02/2022","396,516","396,516","396,516","396,516","3.95M","0.03%"
"11/01/2022","396,390","396,390","396,390","396,390","","-0.21%"
"10/31/2022","397,208","397,208","397,208","397,208","42.37M","-0.26%"
"10/28/2022","398,260","398,260","398,260","398,260","37.30M","-0.60%"
"10/27/2022","400,663","400,663","400,663","400,663","7.71M","-0.36%"
"10/26/2022","402,126","402,126","402,126","402,126","18.79M","0.28%"
"10/25/2022","401,011","401,011","401,011","401,011","6.49M","-0.09%"
"10/24/2022","401,362","401,362","401,362","401,362","5.63M","-0.77%"
"10/21/2022","404,484","404,484","404,484","404,484","6.91M","-0.27%"
"10/20/2022","405,588","405,588","405,588","405,588","4.04M","0.18%"
"10/19/2022","404,874","404,874","404,874","404,874","21.25M","-0.29%"
"10/18/2022","406,039","406,039","406,039","406,039","7.40M","-0.08%"
"10/14/2022","406,374","406,374","406,374","406,374","9.12M","-0.12%"
"10/13/2022","406,874","406,874","406,874","406,874","10.52M","-0.41%"
"10/12/2022","408,537","408,537","408,537","408,537","7.38M","-0.40%"
"10/11/2022","410,175","410,175","410,175","410,175","5.85M","0.11%"
"10/10/2022","409,739","409,739","409,739","409,739","6.74M","0.14%"
"10/07/2022","409,155","409,155","409,155","409,155","11.08M","0.15%"
"10/06/2022","408,553","408,553","408,553","408,553","7.22M","0.83%"
"10/05/2022","405,205","405,205","405,205","405,205","10.73M","-1.19%"
"10/04/2022","410,105","410,105","410,105","410,105","7.68M","-0.97%"
"10/03/2022","414,132","414,132","414,132","414,132","9.99M","0.05%"
"09/30/2022","413,943","413,943","413,943","413,943","212.51M","0.94%"
"09/29/2022","410,071","410,071","410,071","410,071","186.81M","0.41%"
"09/28/2022","408,412","408,412","408,412","408,412","27.02M","-0.10%"
"09/27/2022","408,801","408,801","408,801","408,801","10.48M","-0.45%"
"09/26/2022","410,655","410,655","410,655","410,655","12.28M","0.94%"
"09/23/2022","406,828","406,828","406,828","406,828","20.08M","0.49%"
"09/22/2022","404,853","404,853","404,853","404,853","6.86M","0.01%"
"09/21/2022","404,794","404,794","404,794","404,794","10.89M","-0.07%"
"09/20/2022","405,094","405,094","405,094","405,094","11.63M","-1.02%"
"09/19/2022","409,289","409,289","409,289","409,289","8.44M","0.30%"
"09/16/2022","408,045","408,045","408,045","408,045","7.63M","-0.14%"
"09/15/2022","408,628","408,628","408,628","408,628","4.56M","0.04%"
"09/14/2022","408,470","408,470","408,470","408,470","11.77M","0.01%"
"09/13/2022","408,449","408,449","408,449","408,449","10.17M","0.03%"
"09/12/2022","408,337","408,337","408,337","408,337","8.65M","-0.06%"
"09/09/2022","408,596","408,596","408,596","408,596","9.57M","-0.44%"
"09/08/2022","410,395","410,395","410,395","410,395","15.37M","0.64%"
"09/07/2022","407,803","407,803","407,803","407,803","10.27M","0.27%"
"09/06/2022","406,713","406,713","406,713","406,713","4.59M","0.06%"
"09/05/2022","406,451","406,451","406,451","406,451","11.11M","-0.52%"
"09/02/2022","408,596","408,596","408,596","408,596","13.18M","-0.09%"
"09/01/2022","408,944","408,944","408,944","408,944","31.59M","0.14%"
"08/31/2022","408,382","408,382","408,382","408,382","38.83M","0.04%"
"08/30/2022","408,235","408,235","408,235","408,235","14.61M","0.13%"
"08/29/2022","407,707","407,707","407,707","407,707","22.91M","-1.20%"
"08/26/2022","412,678","412,678","412,678","412,678","16.98M","0.73%"
"08/25/2022","409,700","409,700","409,700","409,700","8.63M","1.24%"
"08/24/2022","404,679","404,679","404,679","404,679","15.12M","-0.67%"
"08/23/2022","407,422","407,422","407,422","407,422","10.03M","-0.62%"
"08/22/2022","409,964","409,964","409,964","409,964","32.26M","-0.50%"
"08/19/2022","412,016","412,016","412,016","412,016","289.85M","-0.58%"
"08/18/2022","414,437","414,437","414,437","414,437","358.29M","-0.10%"
"08/17/2022","414,851","414,851","414,851","414,851","8.32M","-0.70%"
"08/16/2022","417,769","417,769","417,769","417,769","6.13M","-0.40%"
"08/15/2022","419,448","419,448","419,448","419,448","7.39M","0.21%"
"08/12/2022","418,551","418,551","418,551","418,551","4.96M","0.15%"
"08/11/2022","417,929","417,929","417,929","417,929","3.47M","0.26%"
"08/10/2022","416,854","416,854","416,854","416,854","6.41M","-0.81%"
"08/09/2022","420,251","420,251","420,251","420,251","9.12M","-0.66%"
"08/08/2022","423,057","423,057","423,057","423,057","10.74M","-0.12%"
"08/05/2022","423,550","423,550","423,550","423,550","18.50M","0.64%"
"08/04/2022","420,869","420,869","420,869","420,869","16.72M","0.13%"
"08/03/2022","420,326","420,326","420,326","420,326","6.09M","-0.94%"
"08/02/2022","424,322","424,322","424,322","424,322","8.44M","-1.21%"
"07/29/2022","429,501","429,501","429,501","429,501","22.40M","0.42%"
"07/28/2022","427,698","427,698","427,698","427,698","6.74M","-0.61%"
"07/27/2022","430,309","430,309","430,309","430,309","10.84M","-0.19%"
"07/26/2022","431,125","431,125","431,125","431,125","7.84M","0.78%"
"07/25/2022","427,777","427,777","427,777","427,777","5.05M","-0.48%"
"07/22/2022","429,859","429,859","429,859","429,859","8.79M","-0.96%"
"07/21/2022","434,042","434,042","434,042","434,042","6.39M","-0.31%"
"07/20/2022","435,390","435,390","435,390","435,390","7.99M","-0.02%"
"07/19/2022","435,490","435,490","435,490","435,490","11.31M","-0.26%"
"07/18/2022","436,626","436,626","436,626","436,626","6.22M","0.23%"
"07/15/2022","435,643","435,643","435,643","435,643","6.91M","-0.18%"
"07/14/2022","436,411","436,411","436,411","436,411","5.48M","0.04%"
"07/13/2022","436,242","436,242","436,242","436,242","16.01M","0.11%"
"07/12/2022","435,746","435,746","435,746","435,746","10.33M","0.31%"
"07/11/2022","434,421","434,421","434,421","434,421","8.97M","-0.37%"
"07/08/2022","436,014","436,014","436,014","436,014","9.62M","-0.15%"
"07/07/2022","436,649","436,649","436,649","436,649","10.33M","0.34%"
"07/06/2022","435,165","435,165","435,165","435,165","9.35M","-0.56%"
"07/05/2022","437,604","437,604","437,604","437,604","9.64M","0.25%"
"07/04/2022","436,530","436,530","436,530","436,530","8.59M","-1.43%"
"07/01/2022","442,875","442,875","442,875","442,875","13.12M","0.60%"
"06/30/2022","440,236","440,236","440,236","440,236","36.29M","0.31%"
"06/29/2022","438,886","438,886","438,886","438,886","15.77M","0.45%"
"06/28/2022","436,934","436,934","436,934","436,934","9.55M","-0.20%"
"06/27/2022","437,818","437,818","437,818","437,818","13.71M","0.42%"
"06/24/2022","435,985","435,985","435,985","435,985","16.82M","-0.75%"
"06/23/2022","439,266","439,266","439,266","439,266","16.70M","0.70%"
"06/22/2022","436,199","436,199","436,199","436,199","15.21M","0.07%"
"06/21/2022","435,913","435,913","435,913","435,913","14.12M","0.12%"
"06/20/2022","435,411","435,411","435,411","435,411","13.78M","-0.20%"
"06/17/2022","436,272","436,272","436,272","436,272","17.46M","-0.02%"
"06/16/2022","436,373","436,373","436,373","436,373","12.49M","-0.28%"
"06/15/2022","437,611","437,611","437,611","437,611","8.30M","-0.08%"
"06/14/2022","437,944","437,944","437,944","437,944","9.55M","-0.50%"
"06/13/2022","440,165","440,165","440,165","440,165","10.66M","-0.01%"
"06/10/2022","440,210","440,210","440,210","440,210","34.02M","-0.12%"
"06/09/2022","440,720","440,720","440,720","440,720","10.51M","-0.54%"
"06/08/2022","443,104","443,104","443,104","443,104","13.21M","1.10%"
"06/07/2022","438,262","438,262","438,262","438,262","8.85M","-0.94%"
"06/06/2022","442,438","442,438","442,438","442,438","14.64M","-0.26%"
"06/03/2022","443,605","443,605","443,605","443,605","7.43M","-0.62%"
"06/02/2022","446,365","446,365","446,365","446,365","17.73M","-0.54%"
"06/01/2022","448,780","448,780","448,780","448,780","17.78M","-0.37%"
"05/31/2022","450,438","450,438","450,438","450,438","19.15M","0.52%"
"05/30/2022","448,121","448,121","448,121","448,121","7.23M","0.97%"
"05/27/2022","443,816","443,816","443,816","443,816","11.03M","0.37%"
"05/26/2022","442,180","442,180","442,180","442,180","12.02M","0.51%"
"05/25/2022","439,936","439,936","439,936","439,936","12.29M","-0.52%"
"05/24/2022","442,250","442,250","442,250","442,250","23.94M","-1.67%"
"05/20/2022","449,771","449,771","449,771","449,771","6.59M","-0.35%"
"05/19/2022","451,353","451,353","451,353","451,353","9.77M","0.35%"
"05/18/2022","449,757","449,757","449,757","449,757","8.79M","-1.14%"
"05/17/2022","454,927","454,927","454,927","454,927","16.60M","-0.35%"
"05/16/2022","456,537","456,537","456,537","456,537","13.90M","-1.11%"
"05/13/2022","461,683","461,683","461,683","461,683","9.61M","0.62%"
"05/12/2022","458,828","458,828","458,828","458,828","20.27M","-0.46%"
"05/11/2022","460,938","460,938","460,938","460,938","13.19M","0.11%"
"05/10/2022","460,432","460,432","460,432","460,432","13.98M","0.51%"
"05/09/2022","458,077","458,077","458,077","458,077","14.18M","-0.23%"
"05/06/2022","459,117","459,117","459,117","459,117","10.67M","0.16%"
"05/05/2022","458,390","458,390","458,390","458,390","9.84M","-0.09%"
"05/04/2022","458,822","458,822","458,822","458,822","11.77M","0.50%"
"05/03/2022","456,529","456,529","456,529","456,529","13.45M","-0.07%"
"05/02/2022","456,834","456,834","456,834","456,834","15.82M","-0.51%"
"04/29/2022","459,174","459,174","459,174","459,174","15.47M","0.13%"
"04/28/2022","458,566","458,566","458,566","458,566","10.22M","0.74%"
"04/27/2022","455,179","455,179","455,179","455,179","11.44M","0.29%"
"04/26/2022","453,843","453,843","453,843","453,843","15.07M","-0.81%"
"04/25/2022","457,532","457,532","457,532","457,532","16.15M","0.02%"
"04/22/2022","457,455","457,455","457,455","457,455","15.12M","1.43%"
"04/21/2022","451,018","451,018","451,018","451,018","11.48M","1.78%"
"04/20/2022","443,143","443,143","443,143","443,143","15.63M","-1.65%"
"04/19/2022","450,589","450,589","450,589","450,589","14.37M","0.30%"
"04/14/2022","449,225","449,225","449,225","449,225","70.34M","-0.21%"
"04/13/2022","450,178","450,178","450,178","450,178","93.91M","0.28%"
"04/12/2022","448,908","448,908","448,908","448,908","18.60M","-0.22%"
"04/11/2022","449,915","449,915","449,915","449,915","16.13M","-0.26%"
"04/08/2022","451,098","451,098","451,098","451,098","35.19M","-0.61%"
"04/07/2022","453,859","453,859","453,859","453,859","31.22M","0.98%"
"04/06/2022","449,468","449,468","449,468","449,468","21.10M","1.25%"
"04/05/2022","443,919","443,919","443,919","443,919","122.55M","0.28%"
"04/04/2022","442,667","442,667","442,667","442,667","13.32M","0.45%"
"04/01/2022","440,667","440,667","440,667","440,667","13.07M","-0.45%"
"03/31/2022","442,658","442,658","442,658","442,658","44.06M","0.73%"
"03/30/2022","439,469","439,469","439,469","439,469","18.32M","1.09%"
"03/29/2022","434,722","434,722","434,722","434,722","20.49M","-0.82%"
"03/28/2022","438,336","438,336","438,336","438,336","14.00M","0.59%"
"03/25/2022","435,748","435,748","435,748","435,748","21.76M","0.73%"
"03/24/2022","432,586","432,586","432,586","432,586","206.89M","-0.46%"
"03/23/2022","434,587","434,587","434,587","434,587","33.11M","0.39%"
"03/22/2022","432,905","432,905","432,905","432,905","40.97M","-0.32%"
"03/21/2022","434,295","434,295","434,295","434,295","54.00M","1.17%"
"03/18/2022","429,259","429,259","429,259","429,259","22.93M","0.31%"
"03/17/2022","427,940","427,940","427,940","427,940","11.30M","-1.03%"
"03/16/2022","432,406","432,406","432,406","432,406","11.47M","-0.41%"
"03/15/2022","434,186","434,186","434,186","434,186","12.44M","-0.97%"
"03/14/2022","438,422","438,422","438,422","438,422","29.81M","-0.39%"
"03/11/2022","440,135","440,135","440,135","440,135","14.91M","-0.48%"
"03/10/2022","442,248","442,248","442,248","442,248","14.45M","0.40%"
"03/09/2022","440,504","440,504","440,504","440,504","16.83M","-0.23%"
"03/08/2022","441,537","441,537","441,537","441,537","17.24M","0.18%"
"03/07/2022","440,722","440,722","440,722","440,722","25.88M","0.26%"
"03/04/2022","439,592","439,592","439,592","439,592","20.77M","-0.30%"
"03/03/2022","440,922","440,922","440,922","440,922","74.41M","-0.81%"
"03/01/2022","444,545","444,545","444,545","444,545","17.22M","-0.01%"
"02/28/2022","444,575","444,575","444,575","444,575","14.91M","0.31%"
"02/25/2022","443,179","443,179","443,179","443,179","114.21M","-0.02%"
"02/24/2022","443,283","443,283","443,283","443,283","17.31M","-0.46%"
"02/23/2022","445,337","445,337","445,337","445,337","13.50M","-0.22%"
"02/22/2022","446,301","446,301","446,301","446,301","20.21M","0.03%"
"02/21/2022","446,189","446,189","446,189","446,189","19.28M","-0.34%"
"02/18/2022","447,732","447,732","447,732","447,732","12.66M","0.24%"
"02/17/2022","446,679","446,679","446,679","446,679","24.46M","-1.09%"
"02/16/2022","451,592","451,592","451,592","451,592","25.67M","-0.24%"
"02/15/2022","452,663","452,663","452,663","452,663","25.07M","-0.24%"
"02/14/2022","453,740","453,740","453,740","453,740","15.56M","0.12%"
"02/11/2022","453,205","453,205","453,205","453,205","13.34M","0.54%"
"02/10/2022","450,789","450,789","450,789","450,789","25.86M","0.66%"
"02/09/2022","447,833","447,833","447,833","447,833","15.99M","-0.76%"
"02/08/2022","451,244","451,244","451,244","451,244","16.43M","0.22%"
"02/07/2022","450,249","450,249","450,249","450,249","17.37M","0.38%"
"02/04/2022","448,535","448,535","448,535","448,535","12.87M","1.00%"
"02/03/2022","444,083","444,083","444,083","444,083","10.75M","0.03%"
"02/02/2022","443,955","443,955","443,955","443,955","14.62M","-0.46%"
"02/01/2022","446,025","446,025","446,025","446,025","16.93M","0.12%"
"01/31/2022","445,493","445,493","445,493","445,493","13.98M","0.79%"
"01/28/2022","442,009","442,009","442,009","442,009","43.05M","0.55%"
"01/27/2022","439,587","439,587","439,587","439,587","9.85M","0.70%"
"01/26/2022","436,515","436,515","436,515","436,515","23.55M","-0.72%"
"01/25/2022","439,684","439,684","439,684","439,684","30.42M","0.09%"
"01/24/2022","439,282","439,282","439,282","439,282","7.27M","0.01%"
"01/21/2022","439,258","439,258","439,258","439,258","15.51M","0.54%"
"01/20/2022","436,915","436,915","436,915","436,915","7.46M","0.34%"
"01/19/2022","435,449","435,449","435,449","435,449","11.06M","-0.02%"
"01/18/2022","435,520","435,520","435,520","435,520","8.13M","-0.27%"
"01/17/2022","436,687","436,687","436,687","436,687","9.68M","0.46%"
"01/14/2022","434,687","434,687","434,687","434,687","8.02M","-0.44%"
"01/13/2022","436,610","436,610","436,610","436,610","12.65M","-1.48%"
"01/12/2022","443,165","443,165","443,165","443,165","11.36M","0.66%"
"01/11/2022","440,256","440,256","440,256","440,256","5.00M","-0.38%"
"01/10/2022","441,937","441,937","441,937","441,937","11.15M","0.13%"
"01/07/2022","441,369","441,369","441,369","441,369","7.83M","-0.43%"
"01/06/2022","443,271","443,271","443,271","443,271","6.39M","0.48%"
"01/05/2022","441,162","441,162","441,162","441,162","5.45M","0.64%"
"01/04/2022","438,377","438,377","438,377","438,377","8.44M","0.01%"
"12/31/2021","438,328","438,328","438,328","438,328","48.97M","-0.93%"
"12/30/2021","442,460","442,460","442,460","442,460","85.86M","0.57%"
"12/29/2021","439,965","439,965","439,965","439,965","6.59M","1.87%"
"12/28/2021","431,871","431,871","431,871","431,871","4.03M","0.89%"
"12/24/2021","428,068","428,068","428,068","428,068","13.88M","0.15%"
"12/23/2021","427,418","427,418","427,418","427,418","13.40M","0.18%"
"12/22/2021","426,641","426,641","426,641","426,641","3.48M","-0.09%"
"12/21/2021","427,024","427,024","427,024","427,024","7.94M","-0.34%"
"12/20/2021","428,492","428,492","428,492","428,492","12.29M","0.04%"
"12/17/2021","428,335","428,335","428,335","428,335","9.88M","0.36%"
"12/16/2021","426,778","426,778","426,778","426,778","20.03M","-0.06%"
"12/15/2021","427,054","427,054","427,054","427,054","72.28M","-0.79%"
"12/14/2021","430,439","430,439","430,439","430,439","12.85M","-0.36%"
"12/13/2021","432,000","432,000","432,000","432,000","46.38M","-0.39%"
"12/10/2021","433,704","433,704","433,704","433,704","40.22M","0.39%"
"12/09/2021","432,035","432,035","432,035","432,035","7.64M","0.77%"
"12/08/2021","428,730","428,730","428,730","428,730","6.97M","-0.26%"
"12/07/2021","429,828","429,828","429,828","429,828","7.59M","0.14%"
"12/06/2021","429,231","429,231","429,231","429,231","9.01M","-0.44%"
"12/03/2021","431,146","431,146","431,146","431,146","7.48M","0.72%"
"12/02/2021","428,045","428,045","428,045","428,045","82.43M","-1.82%"
"12/01/2021","435,964","435,964","435,964","435,964","5.59M","-0.39%"
"11/30/2021","437,668","437,668","437,668","437,668","7.61M","1.05%"
"11/29/2021","433,109","433,109","433,109","433,109","10.41M","0.15%"
"11/26/2021","432,466","432,466","432,466","432,466","7.65M","0.12%"
"11/25/2021","431,951","431,951","431,951","431,951","9.48M","-0.52%"
"11/24/2021","434,213","434,213","434,213","434,213","12.59M","0.64%"
"11/23/2021","431,446","431,446","431,446","431,446","8.99M","0.29%"
"11/22/2021","430,208","430,208","430,208","430,208","8.60M","0.70%"
"11/19/2021","427,238","427,238","427,238","427,238","8.89M","-1.69%"
"11/18/2021","434,585","434,585","434,585","434,585","8.68M","-1.12%"
"11/17/2021","439,510","439,510","439,510","439,510","21.57M","0.05%"
"11/16/2021","439,283","439,283","439,283","439,283","10.04M","0.40%"
"11/15/2021","437,552","437,552","437,552","437,552","16.49M","-0.02%"
"11/12/2021","437,645","437,645","437,645","437,645","11.62M","-0.65%"
"11/11/2021","440,500","440,500","440,500","440,500","28.19M","0.37%"
"11/10/2021","438,891","438,891","438,891","438,891","9.44M","-0.65%"
"11/09/2021","441,749","441,749","441,749","441,749","12.27M","0.20%"
"11/08/2021","440,861","440,861","440,861","440,861","10.00M","-0.43%"
"11/05/2021","442,783","442,783","442,783","442,783","9.05M","-0.11%"
"11/04/2021","443,279","443,279","443,279","443,279","11.64M","-0.40%"
"11/03/2021","445,055","445,055","445,055","445,055","8.13M","0.23%"
"11/02/2021","444,029","444,029","444,029","444,029","7.55M","-0.48%"
"11/01/2021","446,186","446,186","446,186","446,186","26.09M","-0.34%"
"10/29/2021","447,699","447,699","447,699","447,699","31.41M","0.41%"
"10/28/2021","445,860","445,860","445,860","445,860","14.73M","-0.87%"
"10/27/2021","449,775","449,775","449,775","449,775","8.89M","0.88%"
"10/26/2021","445,867","445,867","445,867","445,867","13.99M","-0.20%"
"10/25/2021","446,739","446,739","446,739","446,739","7.10M","0.70%"
"10/22/2021","443,617","443,617","443,617","443,617","9.83M","-0.02%"
"10/21/2021","443,700","443,700","443,700","443,700","10.65M","-0.01%"
"10/20/2021","443,763","443,763","443,763","443,763","10.82M","-0.03%"
"10/19/2021","443,891","443,891","443,891","443,891","4.88M","-0.44%"
"10/15/2021","445,851","445,851","445,851","445,851","20.48M","0.11%"
"10/14/2021","445,343","445,343","445,343","445,343","6.48M","0.07%"
"10/13/2021","445,039","445,039","445,039","445,039","17.33M","-0.52%"
"10/12/2021","447,353","447,353","447,353","447,353","9.96M","-0.34%"
"10/11/2021","448,868","448,868","448,868","448,868","8.03M","-0.52%"
"10/08/2021","451,217","451,217","451,217","451,217","15.90M","0.32%"
"10/07/2021","449,787","449,787","449,787","449,787","12.79M","-0.13%"
"10/06/2021","450,385","450,385","450,385","450,385","13.69M","-0.33%"
"10/05/2021","451,894","451,894","451,894","451,894","11.67M","-0.12%"
"10/04/2021","452,440","452,440","452,440","452,440","11.14M","-0.89%"
"10/01/2021","456,490","456,490","456,490","456,490","15.89M","-0.04%"
"09/30/2021","456,692","456,692","456,692","456,692","18.51M","1.02%"
"09/29/2021","452,100","452,100","452,100","452,100","18.93M","0.78%"
"09/28/2021","448,612","448,612","448,612","448,612","50.86M","0.60%"
"09/27/2021","445,942","445,942","445,942","445,942","12.61M","0.54%"
"09/24/2021","443,544","443,544","443,544","443,544","11.34M","0.21%"
"09/23/2021","442,621","442,621","442,621","442,621","10.67M","-0.07%"
"09/22/2021","442,916","442,916","442,916","442,916","11.22M","-0.35%"
"09/21/2021","444,491","444,491","444,491","444,491","14.66M","-0.40%"
"09/20/2021","446,260","446,260","446,260","446,260","6.59M","-0.12%"
"09/17/2021","446,794","446,794","446,794","446,794","3.97M","0.02%"
"09/16/2021","446,702","446,702","446,702","446,702","10.97M","-0.02%"
"09/15/2021","446,780","446,780","446,780","446,780","5.20M","0.02%"
"09/14/2021","446,677","446,677","446,677","446,677","12.25M","-0.53%"
"09/13/2021","449,051","449,051","449,051","449,051","17.90M","0.01%"
"09/10/2021","449,008","449,008","449,008","449,008","13.47M","0.11%"
"09/09/2021","448,496","448,496","448,496","448,496","12.50M","-0.61%"
"09/08/2021","451,239","451,239","451,239","451,239","11.28M","-0.42%"
"09/07/2021","453,153","453,153","453,153","453,153","71.74M","-0.04%"
"09/06/2021","453,350","453,350","453,350","453,350","24.03M","0.09%"
"09/03/2021","452,937","452,937","452,937","452,937","15.88M","-0.41%"
"09/02/2021","454,819","454,819","454,819","454,819","12.88M","-0.87%"
"09/01/2021","458,791","458,791","458,791","458,791","6.58M","-0.23%"
"08/31/2021","459,843","459,843","459,843","459,843","17.24M","0.61%"
"08/30/2021","457,069","457,069","457,069","457,069","15.59M","-0.14%"
"08/27/2021","457,711","457,711","457,711","457,711","15.66M","1.01%"
"08/26/2021","453,150","453,150","453,150","453,150","15.12M","-0.04%"
"08/25/2021","453,321","453,321","453,321","453,321","10.74M","0.93%"
"08/24/2021","449,128","449,128","449,128","449,128","18.29M","-0.66%"
"08/23/2021","452,118","452,118","452,118","452,118","11.07M","-0.50%"
"08/20/2021","454,373","454,373","454,373","454,373","148.84M","-0.03%"
"08/19/2021","454,532","454,532","454,532","454,532","22.30M","-0.20%"
"08/18/2021","455,449","455,449","455,449","455,449","","-0.01%"
"08/17/2021","455,490","455,490","455,490","455,490","84.14M","-0.28%"
"08/16/2021","456,749","456,749","456,749","456,749","32.95M","0.05%"
"08/13/2021","456,518","456,518","456,518","456,518","17.45M","-0.11%"
"08/12/2021","457,037","457,037","457,037","457,037","9.34M","0.25%"
"08/11/2021","455,895","455,895","455,895","455,895","12.69M","-0.33%"
"08/10/2021","457,386","457,386","457,386","457,386","5.40M","0.04%"
"08/09/2021","457,186","457,186","457,186","457,186","10.01M","-0.86%"
"08/05/2021","461,133","461,133","461,133","461,133","6.48M","-0.10%"
"08/04/2021","461,596","461,596","461,596","461,596","6.31M","0.04%"
"08/03/2021","461,426","461,426","461,426","461,426","7.49M","-0.44%"
"07/30/2021","463,484","463,484","463,484","463,484","16.88M","0.74%"
"07/29/2021","460,077","460,077","460,077","460,077","11.83M","0.01%"
"07/28/2021","460,028","460,028","460,028","460,028","14.43M","0.96%"
"07/27/2021","455,660","455,660","455,660","455,660","13.70M","-0.24%"
"07/26/2021","456,759","456,759","456,759","456,759","7.71M","-0.24%"
"07/23/2021","457,850","457,850","457,850","457,850","15.68M","0.19%"
"07/22/2021","456,996","456,996","456,996","456,996","12.50M","0.31%"
"07/21/2021","455,561","455,561","455,561","455,561","7.53M","0.37%"
"07/20/2021","453,898","453,898","453,898","453,898","45.47M","-0.13%"
"07/19/2021","454,485","454,485","454,485","454,485","14.26M","-0.79%"
"07/16/2021","458,112","458,112","458,112","458,112","15.82M","-0.22%"
"07/15/2021","459,102","459,102","459,102","459,102","6.42M","-0.29%"
"07/14/2021","460,450","460,450","460,450","460,450","7.52M","0.26%"
"07/13/2021","459,268","459,268","459,268","459,268","5.29M","-1.80%"
"07/12/2021","467,701","467,701","467,701","467,701","102.64M","0.70%"
"07/09/2021","464,466","464,466","464,466","464,466","9.32M","-0.05%"
"07/08/2021","464,689","464,689","464,689","464,689","8.89M","0.87%"
"07/07/2021","460,664","460,664","460,664","460,664","6.33M","-0.53%"
"07/06/2021","463,119","463,119","463,119","463,119","6.64M","-0.29%"
"07/05/2021","464,446","464,446","464,446","464,446","7.76M","0.11%"
"07/02/2021","463,917","463,917","463,917","463,917","5.64M","0.16%"
"07/01/2021","463,173","463,173","463,173","463,173","4.80M","0.14%"
"06/30/2021","462,541","462,541","462,541","462,541","11.82M","1.24%"
"06/29/2021","456,886","456,886","456,886","456,886","9.46M","-1.62%"
"06/28/2021","464,386","464,386","464,386","464,386","18.83M","-1.52%"
"06/25/2021","471,552","471,552","471,552","471,552","18.93M","0.45%"
"06/24/2021","469,443","469,443","469,443","469,443","7.90M","-0.72%"
"06/23/2021","472,868","472,868","472,868","472,868","10.41M","-0.08%"
"06/22/2021","473,229","473,229","473,229","473,229","9.12M","-0.50%"
"06/21/2021","475,610","475,610","475,610","475,610","6.56M","0.47%"
"06/18/2021","473,388","473,388","473,388","473,388","9.58M","0.90%"
"06/17/2021","469,172","469,172","469,172","469,172","22.91M","1.70%"
"06/16/2021","461,341","461,341","461,341","461,341","8.87M","0.48%"
"06/15/2021","459,123","459,123","459,123","459,123","22.23M","-0.65%"
"06/14/2021","462,145","462,145","462,145","462,145","13.77M","0.63%"
"06/11/2021","459,273","459,273","459,273","459,273","11.67M","-0.54%"
"06/10/2021","461,773","461,773","461,773","461,773","10.22M","1.21%"
"06/09/2021","456,233","456,233","456,233","456,233","11.23M","-0.32%"
"06/08/2021","457,678","457,678","457,678","457,678","12.50M","0.15%"
"06/07/2021","457,000","457,000","457,000","457,000","7.14M","0.13%"
"06/04/2021","456,396","456,396","456,396","456,396","21.18M","-0.36%"
"06/03/2021","458,032","458,032","458,032","458,032","8.34M","1.41%"
"06/02/2021","451,671","451,671","451,671","451,671","11.97M","-0.22%"
"06/01/2021","452,666","452,666","452,666","452,666","7.17M","-0.21%"
"05/31/2021","453,616","453,616","453,616","453,616","23.12M","-0.17%"
"05/28/2021","454,376","454,376","454,376","454,376","119.56M","0.40%"
"05/27/2021","452,558","452,558","452,558","452,558","12.30M","0.02%"
"05/26/2021","452,448","452,448","452,448","452,448","26.47M","-0.23%"
"05/25/2021","453,472","453,472","453,472","453,472","12.54M","-0.22%"
"05/21/2021","454,479","454,479","454,479","454,479","13.52M","-0.04%"
"05/20/2021","454,682","454,682","454,682","454,682","26.24M","0.06%"
"05/18/2021","454,399","454,399","454,399","454,399","11.77M","-0.08%"
"05/17/2021","454,770","454,770","454,770","454,770","17.16M","0.68%"
"05/14/2021","451,714","451,714","451,714","451,714","31.70M","0.02%"
"05/13/2021","451,626","451,626","451,626","451,626","14.52M","0.25%"
"05/12/2021","450,515","450,515","450,515","450,515","12.29M","0.17%"
"05/11/2021","449,735","449,735","449,735","449,735","5.62M","0.45%"
"05/10/2021","447,721","447,721","447,721","447,721","10.08M","-0.30%"
"05/07/2021","449,056","449,056","449,056","449,056","9.05M","0.38%"
"05/06/2021","447,339","447,339","447,339","447,339","14.00M","0.32%"
"05/05/2021","445,922","445,922","445,922","445,922","14.40M","0.22%"
"05/04/2021","444,937","444,937","444,937","444,937","13.24M","2.11%"
"05/03/2021","435,756","435,756","435,756","435,756","37.97M","-2.76%"
"04/30/2021","448,121","448,121","448,121","448,121","16.97M","0.34%"
"04/29/2021","446,597","446,597","446,597","446,597","9.32M","0.50%"
"04/28/2021","444,369","444,369","444,369","444,369","12.98M","0.21%"
"04/27/2021","443,431","443,431","443,431","443,431","10.46M","0.06%"
"04/26/2021","443,164","443,164","443,164","443,164","7.98M","0.20%"
"04/23/2021","442,291","442,291","442,291","442,291","14.18M","0.06%"
"04/22/2021","442,013","442,013","442,013","442,013","7.89M","0.04%"
"04/21/2021","441,826","441,826","441,826","441,826","7.82M","0.74%"
"04/20/2021","438,601","438,601","438,601","438,601","17.59M","0.38%"
"04/19/2021","436,948","436,948","436,948","436,948","7.54M","0.08%"
"04/16/2021","436,596","436,596","436,596","436,596","15.47M","0.19%"
"04/15/2021","435,762","435,762","435,762","435,762","13.52M","0.09%"
"04/14/2021","435,387","435,387","435,387","435,387","9.91M","0.84%"
"04/13/2021","431,749","431,749","431,749","431,749","9.82M","0.23%"
"04/12/2021","430,747","430,747","430,747","430,747","20.11M","-0.46%"
"04/09/2021","432,720","432,720","432,720","432,720","3.76M","-0.06%"
"04/08/2021","433,001","433,001","433,001","433,001","8.39M","0.05%"
"04/07/2021","432,767","432,767","432,767","432,767","12.05M","-0.17%"
"04/06/2021","433,517","433,517","433,517","433,517","11.51M","-0.59%"
"04/01/2021","436,074","436,074","436,074","436,074","9.15M","0.74%"
"03/31/2021","432,859","432,859","432,859","432,859","16.81M","0.54%"
"03/30/2021","430,534","430,534","430,534","430,534","29.56M","-0.25%"
"03/29/2021","431,622","431,622","431,622","431,622","13.71M","-0.42%"
"03/26/2021","433,427","433,427","433,427","433,427","7.73M","0.63%"
"03/25/2021","430,694","430,694","430,694","430,694","108.50M","-0.01%"
"03/24/2021","430,742","430,742","430,742","430,742","11.14M","0.23%"
"03/23/2021","429,733","429,733","429,733","429,733","10.34M","-0.70%"
"03/19/2021","432,777","432,777","432,777","432,777","8.08M","0.10%"
"03/18/2021","432,348","432,348","432,348","432,348","10.77M","-0.34%"
"03/17/2021","433,804","433,804","433,804","433,804","7.80M","-0.64%"
"03/16/2021","436,584","436,584","436,584","436,584","7.89M","0.53%"
"03/15/2021","434,283","434,283","434,283","434,283","10.15M","-0.27%"
"03/12/2021","435,479","435,479","435,479","435,479","10.95M","-0.17%"
"03/11/2021","436,238","436,238","436,238","436,238","13.43M","0.99%"
"03/10/2021","431,951","431,951","431,951","431,951","9.89M","-0.15%"
"03/09/2021","432,606","432,606","432,606","432,606","8.35M","-0.34%"
"03/08/2021","434,067","434,067","434,067","434,067","14.49M","0.03%"
"03/05/2021","433,955","433,955","433,955","433,955","9.09M","-0.28%"
"03/04/2021","435,166","435,166","435,166","435,166","11.39M","0.40%"
"03/03/2021","433,411","433,411","433,411","433,411","16.45M","-0.51%"
"03/02/2021","435,612","435,612","435,612","435,612","14.26M","-0.31%"
"03/01/2021","436,955","436,955","436,955","436,955","18.06M","1.00%"
"02/26/2021","432,650","432,650","432,650","432,650","35.67M","0.56%"
"02/25/2021","430,241","430,241","430,241","430,241","15.92M","0.00%"
"02/24/2021","430,237","430,237","430,237","430,237","29.44M","0.04%"
"02/23/2021","430,063","430,063","430,063","430,063","20.25M","-0.12%"
"02/22/2021","430,576","430,576","430,576","430,576","16.44M","0.38%"
"02/19/2021","428,964","428,964","428,964","428,964","11.27M","-0.22%"
"02/18/2021","429,894","429,894","429,894","429,894","11.78M","0.12%"
"02/16/2021","429,364","429,364","429,364","429,364","9.84M","-0.16%"
"02/15/2021","430,051","430,051","430,051","430,051","21.10M","0.48%"
"02/12/2021","428,014","428,014","428,014","428,014","14.35M","1.12%"
"02/11/2021","423,265","423,265","423,265","423,265","14.74M","-0.58%"
"02/10/2021","425,755","425,755","425,755","425,755","43.74M","0.76%"
"02/09/2021","422,533","422,533","422,533","422,533","16.70M","-1.43%"
"02/08/2021","428,644","428,644","428,644","428,644","14.87M","0.09%"
"02/05/2021","428,244","428,244","428,244","428,244","8.95M","0.29%"
"02/04/2021","427,014","427,014","427,014","427,014","12.42M","0.34%"
"02/03/2021","425,569","425,569","425,569","425,569","9.83M","-0.46%"
"02/02/2021","427,549","427,549","427,549","427,549","19.93M","1.00%"
"02/01/2021","423,300","423,300","423,300","423,300","38.52M","-0.46%"
"01/29/2021","425,255","425,255","425,255","425,255","11.98M","0.67%"
"01/28/2021","422,427","422,427","422,427","422,427","9.37M","0.72%"
"01/27/2021","419,397","419,397","419,397","419,397","5.95M","0.00%"
"01/26/2021","419,405","419,405","419,405","419,405","11.58M","0.19%"
"01/25/2021","418,612","418,612","418,612","418,612","32.80M","-1.03%"
"01/22/2021","422,982","422,982","422,982","422,982","11.20M","0.27%"
"01/21/2021","421,858","421,858","421,858","421,858","25.72M","-0.41%"
"01/20/2021","423,586","423,586","423,586","423,586","10.35M","-0.28%"
"01/19/2021","424,763","424,763","424,763","424,763","5.60M","-0.83%"
"01/18/2021","428,311","428,311","428,311","428,311","5.91M","0.33%"
"01/15/2021","426,922","426,922","426,922","426,922","6.64M","0.21%"
"01/14/2021","426,012","426,012","426,012","426,012","12.95M","-0.01%"
"01/13/2021","426,068","426,068","426,068","426,068","15.18M","-0.40%"
"01/12/2021","427,800","427,800","427,800","427,800","14.42M","-0.80%"
"01/11/2021","431,249","431,249","431,249","431,249","21.54M","-0.18%"
"01/08/2021","432,048","432,048","432,048","432,048","8.36M","-0.18%"